time_ms,audio_time_ms,frame_id,mouth_open_target,mouth_up_corner_l_target,mouth_up_corner_r_target,mouth_lip_upper_l_target,mouth_lip_upper_r_target,mouth_lip_lower_target,send_success
6.729,0.0,0,0.0,0.0,0.0,0.0,0.0,0.0,1
40.449,40.0,1,0.0,0.0,0.0,0.0,0.0,0.0,1
81.517,80.0,2,0.0,0.0,0.0,0.0,0.0,0.0,1
121.553,120.0,3,0.0,0.0,0.0,0.0,0.0,0.0,1
160.886,160.0,4,0.12,0.14,0.14,0.14,0.14,0.045,1
201.336,200.0,5,0.1875,0.265,0.265,0.28,0.28,0.07875,1
241.569,240.0,6,0.241875,0.27875,0.27875,0.320001,0.320001,0.109687,1
281.226,280.0,7,0.292969,0.264687,0.264687,0.180001,0.180001,0.139922,1
320.457,320.0,8,0.343242,0.243672,0.243672,0.04,0.04,0.16998,1
361.13,360.0,9,0.393311,0.220918,0.220918,-0.1,-0.1,0.199995,1
401.213,400.0,10,0.443328,0.197729,0.197729,-0.24,-0.24,0.229999,1
441.197,440.0,11,0.303328,0.296932,0.296932,-0.1,-0.1,0.1025,1
480.804,480.0,12,0.233332,0.304233,0.304233,0.04,0.04,0.093125,1
521.26,520.0,13,0.253333,0.288558,0.288558,0.180001,0.180001,0.113281,1
561.296,560.0,14,0.295833,0.26714,0.26714,0.045,0.045,0.14082,1
600.907,600.0,15,0.248333,0.213035,0.213035,0.01125,0.01125,0.11958,1
641.291,640.0,16,0.178333,0.150759,0.150759,0.002813,0.002813,0.086145,1
681.343,680.0,17,0.102708,0.08644,0.08644,0.000703,0.000703,0.049661,1
720.594,720.0,18,0.025677,0.02161,0.02161,0.000176,0.000176,0.012415,1
761.558,760.0,19,0.006419,0.005402,0.005402,4.4e-05,4.4e-05,0.003104,1
800.63,800.0,20,0.121605,0.145402,0.145402,0.140044,0.140044,0.045776,1
840.883,840.0,21,0.150401,0.283851,0.283851,0.280044,0.280044,0.056444,1
880.792,880.0,22,0.1576,0.318463,0.318463,0.420044,0.420044,0.059111,1
920.875,920.0,23,0.1594,0.327116,0.327116,0.560044,0.560044,0.059778,1
960.552,960.0,24,0.15985,0.329279,0.329279,0.700044,0.700044,0.059944,1
1001.084,1000.0,25,0.159963,0.32982,0.32982,0.840044,0.840044,0.059986,1
1041.765,1040.0,26,0.129991,0.26808,0.26808,0.772511,0.772511,0.048747,1
1081.848,1080.0,27,0.092498,0.19077,0.19077,0.632511,0.632511,0.034687,1
1120.743,1120.0,28,0.053124,0.109567,0.109567,0.492511,0.492511,0.019922,1
1162.239,1160.0,29,0.013281,0.027392,0.027392,0.352511,0.352511,0.00498,1
1200.781,1200.0,30,0.00332,0.006848,0.006848,0.212511,0.212511,0.001245,1
1241.253,1240.0,31,0.00083,0.001712,0.001712,0.072511,0.072511,0.000311,1
1281.137,1280.0,32,0.000208,0.000428,0.000428,0.018128,0.018128,7.8e-05,1
1320.841,1320.0,33,5.2e-05,0.000107,0.000107,0.004532,0.004532,1.9e-05,1
1361.092,1360.0,34,1.3e-05,2.7e-05,2.7e-05,0.001133,0.001133,5e-06,1
1401.808,1400.0,35,3e-06,7e-06,7e-06,0.000283,0.000283,1e-06,1
1441.633,1440.0,36,1e-06,2e-06,2e-06,7.1e-05,7.1e-05,0.0,1
1481.444,1480.0,37,0.0,0.0,0.0,1.8e-05,1.8e-05,0.0,1
1521.319,1520.0,38,0.12,0.14,0.14,0.140018,0.140018,0.045,1
1561.681,1560.0,39,0.1275,0.0,0.0,0.050004,0.050004,0.05625,1
1601.518,1600.0,40,0.149375,-0.14,-0.14,0.030001,0.030001,0.091562,1
1641.104,1640.0,41,0.174844,-0.28,-0.28,0.0275,0.0275,0.132891,1
1681.568,1680.0,42,0.201211,-0.42,-0.42,0.029375,0.029375,0.175723,1
1721.348,1720.0,43,0.227803,-0.56,-0.56,0.032344,0.032344,0.21893,1
1761.791,1760.0,44,0.25445,-0.7,-0.7,0.035586,0.035586,0.262233,1
1801.447,1800.0,45,0.281113,-0.84,-0.84,0.038897,0.038897,0.305558,1
1841.198,1840.0,46,0.190278,-0.7,-0.7,0.178897,0.178897,0.165558,1
1881.266,1880.0,47,0.16757,-0.56,-0.56,0.318897,0.318897,0.08639,1
1920.999,1920.0,48,0.161892,-0.42,-0.42,0.458897,0.458897,0.066597,1
1960.837,1960.0,49,0.160473,-0.28,-0.28,0.598897,0.598897,0.061649,1
2001.354,2000.0,50,0.160118,-0.14,-0.14,0.738897,0.738897,0.060412,1
2041.985,2040.0,51,0.16003,0.0,0.0,0.878897,0.878897,0.060103,1
2080.771,2080.0,52,0.160007,0.14,0.14,0.969724,0.969724,0.060026,1
2120.894,2120.0,53,0.130002,0.220625,0.220625,0.829724,0.829724,0.048756,1
2160.689,2160.0,54,0.0925,0.178906,0.178906,0.689724,0.689724,0.034689,1
2200.862,2200.0,55,0.053125,0.106602,0.106602,0.549724,0.549724,0.019922,1
2241.616,2240.0,56,0.013281,0.02665,0.02665,0.409724,0.409724,0.004981,1
2280.714,2280.0,57,0.00332,0.006663,0.006663,0.269724,0.269724,0.001245,1
2321.445,2320.0,58,0.00083,0.001666,0.001666,0.129724,0.129724,0.000311,1
2361.343,2360.0,59,0.000208,0.000416,0.000416,0.032431,0.032431,7.8e-05,1
2401.296,2400.0,60,5.2e-05,0.000104,0.000104,0.008108,0.008108,1.9e-05,1
2440.967,2440.0,61,1.3e-05,2.6e-05,2.6e-05,0.002027,0.002027,5e-06,1
2481.488,2480.0,62,3e-06,7e-06,7e-06,0.000507,0.000507,1e-06,1
2521.462,2520.0,63,0.120001,0.140007,0.140007,0.140507,0.140507,0.045,1
2561.132,2560.0,64,0.15,0.280007,0.280007,0.280507,0.280507,0.05625,1
2601.712,2600.0,65,0.1575,0.317502,0.317502,0.420507,0.420507,0.059063,1
2640.811,2640.0,66,0.159375,0.326875,0.326875,0.560507,0.560507,0.059766,1
2681.597,2680.0,67,0.129844,0.267344,0.267344,0.700507,0.700507,0.048691,1
2720.916,2720.0,68,0.092461,0.190586,0.190586,0.560507,0.560507,0.034673,1
2761.408,2760.0,69,0.053115,0.109521,0.109521,0.420507,0.420507,0.019918,1
2800.948,2800.0,70,0.013279,0.02738,0.02738,0.280507,0.280507,0.00498,1
2841.33,2840.0,71,0.00332,0.006845,0.006845,0.140507,0.140507,0.001245,1
2881.12,2880.0,72,0.00083,0.001711,0.001711,0.035127,0.035127,0.000311,1
2920.544,2920.0,73,0.000207,0.000428,0.000428,0.008782,0.008782,7.8e-05,1
2960.994,2960.0,74,0.120052,0.140428,0.140428,0.148782,0.148782,0.045019,1
3001.811,3000.0,75,0.150013,0.280428,0.280428,0.288782,0.288782,0.056255,1
3041.285,3040.0,76,0.157503,0.317607,0.317607,0.428782,0.428782,0.059064,1
3080.699,3080.0,77,0.159376,0.326902,0.326902,0.568782,0.568782,0.059766,1
3120.898,3120.0,78,0.159844,0.329225,0.329225,0.708782,0.708782,0.059941,1
3161.809,3160.0,79,0.159961,0.329806,0.329806,0.848782,0.848782,0.059985,1
3201.149,3200.0,80,0.15999,0.329952,0.329952,0.962195,0.962195,0.059996,1
3240.787,3240.0,81,0.159998,0.329988,0.329988,0.990549,0.990549,0.059999,1
3280.831,3280.0,82,0.159999,0.329997,0.329997,0.997637,0.997637,0.06,1
3321.555,3320.0,83,0.16,0.329999,0.329999,0.999409,0.999409,0.06,1
3360.496,3360.0,84,0.16,0.33,0.33,0.999852,0.999852,0.06,1
3400.979,3400.0,85,0.16,0.33,0.33,0.999963,0.999963,0.06,1
3440.908,3440.0,86,0.16,0.33,0.33,0.999991,0.999991,0.06,1
3480.972,3480.0,87,0.16,0.33,0.33,0.999998,0.999998,0.06,1
3520.805,3520.0,88,0.1375,0.19,0.19,0.859998,0.859998,0.06,1
3560.808,3560.0,89,0.151875,0.05,0.05,0.719998,0.719998,0.0925,1
3601.329,3600.0,90,0.175469,-0.09,-0.09,0.579998,0.579998,0.133125,1
3641.596,3640.0,91,0.201367,-0.23,-0.23,0.439998,0.439998,0.175781,1
3681.184,3680.0,92,0.227842,-0.37,-0.37,0.299998,0.299998,0.218945,1
3721.198,3720.0,93,0.190086,-0.51,-0.51,0.159998,0.159998,0.185986,1
3761.357,3760.0,94,0.136272,-0.5025,-0.5025,0.052499,0.052499,0.133997,1
3801.602,3800.0,95,0.078443,-0.3625,-0.3625,0.019374,0.019374,0.077249,1
3840.999,3840.0,96,0.019611,-0.2225,-0.2225,0.004844,0.004844,0.019312,1
3881.424,3880.0,97,0.004903,-0.0825,-0.0825,0.001211,0.001211,0.004828,1
3921.405,3920.0,98,0.001226,-0.020625,-0.020625,0.000303,0.000303,0.001207,1
3960.966,3960.0,99,0.000306,-0.005156,-0.005156,7.6e-05,7.6e-05,0.000302,1
4001.8,4000.0,100,7.7e-05,-0.001289,-0.001289,1.9e-05,1.9e-05,7.5e-05,1
4041.596,4040.0,101,1.9e-05,-0.000322,-0.000322,5e-06,5e-06,1.9e-05,1
4081.591,4080.0,102,5e-06,-8.1e-05,-8.1e-05,1e-06,1e-06,5e-06,1
4121.218,4120.0,103,1e-06,-2e-05,-2e-05,0.0,0.0,1e-06,1
4160.781,4160.0,104,0.0,-5e-06,-5e-06,0.0,0.0,0.0,1
4201.114,4200.0,105,0.14,-0.140005,-0.140005,-0.14,-0.14,0.14,1
4240.528,4240.0,106,0.28,-0.190001,-0.190001,-0.28,-0.28,0.235,1
4281.291,4280.0,107,0.39375,-0.053751,-0.053751,-0.42,-0.42,0.24875,1
4321.576,4320.0,108,0.443438,0.086249,0.086249,-0.56,-0.56,0.242187,1
4361.673,4360.0,109,0.303438,-0.053751,-0.053751,-0.42,-0.42,0.105547,1
4401.313,4400.0,110,0.19336,-0.193751,-0.193751,-0.28,-0.28,0.103886,1
4441.221,4440.0,111,0.18584,-0.333751,-0.333751,-0.14,-0.14,0.135972,1
4481.484,4480.0,112,0.20396,-0.473751,-0.473751,-0.0125,-0.0125,0.176493,1
4520.729,4520.0,113,0.22849,-0.613751,-0.613751,0.021875,0.021875,0.219123,1
4560.971,4560.0,114,0.254622,-0.753751,-0.753751,0.032969,0.032969,0.262281,1
4601.467,4600.0,115,0.281156,-0.893751,-0.893751,0.038242,0.038242,0.30557,1
4641.641,4640.0,116,0.287789,-0.973438,-0.973438,0.039561,0.039561,0.316393,1
4682.117,4680.0,117,0.289447,-0.993359,-0.993359,0.03989,0.03989,0.319098,1
4721.177,4720.0,118,0.289862,-0.99834,-0.99834,0.039973,0.039973,0.319775,1
4761.549,4760.0,119,0.289965,-0.999585,-0.999585,0.039993,0.039993,0.319944,1
4801.462,4800.0,120,0.289991,-0.999896,-0.999896,0.039998,0.039998,0.319986,1
4840.994,4840.0,121,0.289998,-0.999974,-0.999974,0.04,0.04,0.319996,1
4881.666,4880.0,122,0.289999,-0.999994,-0.999994,0.04,0.04,0.319999,1
4921.463,4920.0,123,0.1925,-0.859994,-0.859994,0.18,0.18,0.179999,1
4961.026,4960.0,124,0.168125,-0.719994,-0.719994,0.32,0.32,0.09,1
5001.323,5000.0,125,0.162031,-0.579994,-0.579994,0.46,0.46,0.0675,1
5041.131,5040.0,126,0.120508,-0.439994,-0.439994,0.6,0.6,0.046875,1
5081.455,5080.0,127,0.070127,-0.299994,-0.299994,0.46,0.46,0.026719,1
5120.719,5120.0,128,0.017532,-0.159994,-0.159994,0.32,0.32,0.00668,1
5160.819,5160.0,129,0.124383,-0.019994,-0.019994,0.46,0.46,0.04667,1
5200.661,5200.0,130,0.151096,0.120006,0.120006,0.6,0.6,0.056667,1
5240.746,5240.0,131,0.157774,0.260006,0.260006,0.74,0.74,0.059167,1
5282.092,5280.0,132,0.159443,0.312502,0.312502,0.88,0.88,0.059792,1
5321.093,5320.0,133,0.159861,0.325625,0.325625,0.97,0.97,0.059948,1
5361.093,5360.0,134,0.159965,0.328906,0.328906,0.9925,0.9925,0.059987,1
5400.951,5400.0,135,0.159991,0.329727,0.329727,0.998125,0.998125,0.059997,1
5441.517,5440.0,136,0.159998,0.329932,0.329932,0.999531,0.999531,0.059999,1
5482.308,5480.0,137,0.137499,0.189932,0.189932,0.859531,0.859531,0.06,1
5521.738,5520.0,138,0.151875,0.049932,0.049932,0.719531,0.719531,0.0925,1
5561.298,5560.0,139,0.175469,-0.090068,-0.090068,0.579531,0.579531,0.133125,1
5601.994,5600.0,140,0.201367,-0.230068,-0.230068,0.439531,0.439531,0.175781,1
5641.699,5640.0,141,0.227842,-0.370068,-0.370068,0.299531,0.299531,0.218945,1
5680.986,5680.0,142,0.175294,-0.510068,-0.510068,0.159531,0.159531,0.171403,1
5721.714,5720.0,143,0.10299,-0.377517,-0.377517,0.048216,0.048216,0.101184,1
5761.113,5760.0,144,0.025748,-0.237517,-0.237517,0.012054,0.012054,0.025296,1
5801.051,5800.0,145,0.127937,-0.377517,-0.377517,0.021014,0.021014,0.090324,1
5841.282,5840.0,146,0.177484,-0.517517,-0.517517,0.026253,0.026253,0.145581,1
5881.256,5880.0,147,0.153496,-0.657517,-0.657517,0.022313,0.022313,0.128645,1
5920.929,5920.0,148,0.111124,-0.539379,-0.539379,0.016078,0.016078,0.093661,1
5960.628,5960.0,149,0.064156,-0.399379,-0.399379,0.00927,0.00927,0.054165,1
6000.796,6000.0,150,0.016039,-0.259379,-0.259379,0.002317,0.002317,0.013541,1
6040.983,6040.0,151,0.00401,-0.119379,-0.119379,0.000579,0.000579,0.003385,1
6082.032,6080.0,152,0.001002,-0.029845,-0.029845,0.000145,0.000145,0.000846,1
6121.351,6120.0,153,0.000251,-0.007461,-0.007461,3.6e-05,3.6e-05,0.000212,1
6161.315,6160.0,154,6.3e-05,-0.001865,-0.001865,9e-06,9e-06,5.3e-05,1
6202.029,6200.0,155,0.140063,-0.120466,-0.120466,-0.139991,-0.139991,0.135013,1
6241.8,6240.0,156,0.252516,-0.260466,-0.260466,-0.004998,-0.004998,0.273753,1
6282.197,6280.0,157,0.280629,-0.400466,-0.400466,0.028751,0.028751,0.308438,1
6321.839,6320.0,158,0.287657,-0.540466,-0.540466,0.037188,0.037188,0.31711,1
6360.925,6360.0,159,0.289414,-0.680466,-0.680466,0.039297,0.039297,0.319277,1
6400.803,6400.0,160,0.289854,-0.820466,-0.820466,0.039824,0.039824,0.319819,1
6441.117,6440.0,161,0.289963,-0.955117,-0.955117,0.039956,0.039956,0.319955,1
6481.235,6480.0,162,0.192491,-0.815117,-0.815117,0.179956,0.179956,0.179955,1
6521.603,6520.0,163,0.168123,-0.675117,-0.675117,0.319956,0.319956,0.098989,1
6561.496,6560.0,164,0.162031,-0.535117,-0.535117,0.459956,0.459956,0.087747,1
6600.959,6600.0,165,0.160508,-0.395117,-0.395117,0.437489,0.437489,0.093937,1
6641.29,6640.0,166,0.160127,-0.255117,-0.255117,0.297489,0.297489,0.104484,1
6680.654,6680.0,167,0.160032,-0.115117,-0.115117,0.157489,0.157489,0.116121,1
6720.898,6720.0,168,0.137508,-0.255117,-0.255117,0.054372,0.054372,0.07403,1
6761.592,6760.0,169,0.136377,-0.395117,-0.395117,0.175593,0.175593,0.063508,1
6801.113,6800.0,170,0.140594,-0.449779,-0.449779,0.315593,0.315593,0.060877,1
6840.853,6840.0,171,0.146149,-0.309779,-0.309779,0.455593,0.455593,0.060219,1
6880.723,6880.0,172,0.152037,-0.169779,-0.169779,0.595593,0.595593,0.060055,1
6921.472,6920.0,173,0.158009,-0.029779,-0.029779,0.735593,0.735593,0.060014,1
6960.931,6960.0,174,0.129502,0.110221,0.110221,0.746398,0.746398,0.048753,1
7001.212,7000.0,175,0.092376,0.151305,0.151305,0.606398,0.606398,0.034688,1
7041.485,7040.0,176,0.053094,0.099701,0.099701,0.466398,0.466398,0.019922,1
7081.968,7080.0,177,0.013273,0.024925,0.024925,0.326398,0.326398,0.004981,1
7121.188,7120.0,178,0.153273,-0.115075,-0.115075,0.186398,0.186398,0.118245,1
7162.109,7160.0,179,0.263318,-0.148769,-0.148769,0.046398,0.046398,0.164561,1
7201.229,7200.0,180,0.16333,-0.288769,-0.288769,0.0266,0.0266,0.08614,1
7241.464,7240.0,181,0.162332,-0.428769,-0.428769,0.02465,0.02465,0.105535,1
7280.799,7280.0,182,0.186083,-0.568769,-0.568769,0.027162,0.027162,0.149384,1
7321.543,7320.0,183,0.216021,-0.708769,-0.708769,0.030791,0.030791,0.199346,1
7361.421,7360.0,184,0.247505,-0.848769,-0.848769,0.034698,0.034698,0.250836,1
7401.749,7400.0,185,0.279376,-0.962192,-0.962192,0.038674,0.038674,0.302709,1
7441.523,7440.0,186,0.167344,-0.990548,-0.990548,0.024669,0.024669,0.162709,1
7481.531,7480.0,187,0.143836,-0.850548,-0.850548,0.164669,0.164669,0.085677,1
7521.077,7520.0,188,0.142459,-0.710548,-0.710548,0.304669,0.304669,0.066419,1
7562.195,7560.0,189,0.146615,-0.570548,-0.570548,0.444669,0.444669,0.061605,1
7601.469,7600.0,190,0.152154,-0.430548,-0.430548,0.584669,0.584669,0.060401,1
7641.281,7640.0,191,0.158038,-0.290548,-0.290548,0.724669,0.724669,0.0601,1
7681.391,7680.0,192,0.13701,-0.430548,-0.430548,0.584669,0.584669,0.060025,1
7721.652,7720.0,193,0.157252,-0.570548,-0.570548,0.444669,0.444669,0.078006,1
7761.644,7760.0,194,0.187813,-0.640637,-0.640637,0.304669,0.304669,0.100502,1
7801.596,7800.0,195,0.220953,-0.532159,-0.532159,0.164669,0.164669,0.124125,1
7841.595,7840.0,196,0.254738,-0.392159,-0.392159,0.024669,0.024669,0.148031,1
7880.682,7880.0,197,0.288685,-0.252159,-0.252159,-0.115331,-0.115331,0.172008,1
7921.056,7920.0,198,0.289671,-0.392159,-0.392159,0.001167,0.001167,0.283002,1
7961.327,7960.0,199,0.289918,-0.532159,-0.532159,0.030292,0.030292,0.31075,1
8001.726,8000.0,200,0.289979,-0.672159,-0.672159,0.037573,0.037573,0.317688,1
8041.567,8040.0,201,0.217495,-0.66804,-0.66804,0.029393,0.029393,0.239422,1
8081.118,8080.0,202,0.126874,-0.52804,-0.52804,0.017348,0.017348,0.139856,1
8121.329,8120.0,203,0.031718,-0.38804,-0.38804,0.004337,0.004337,0.034964,1
8161.413,8160.0,204,0.10543,-0.52804,-0.52804,0.016084,0.016084,0.053741,1
8200.839,8200.0,205,0.149357,-0.66804,-0.66804,-0.123916,-0.123916,0.076435,1
8240.908,8240.0,206,0.185839,-0.66501,-0.66501,-0.263916,-0.263916,0.100109,1
8281.044,8280.0,207,0.22046,-0.538253,-0.538253,-0.403916,-0.403916,0.124027,1
8321.115,8320.0,208,0.254615,-0.398253,-0.398253,-0.543916,-0.543916,0.148007,1
8361.484,8360.0,209,0.288654,-0.258253,-0.258253,-0.683916,-0.683916,0.172002,1
8401.632,8400.0,210,0.289663,-0.398253,-0.398253,-0.543916,-0.543916,0.283,1
8441.258,8440.0,211,0.315416,-0.538253,-0.538253,-0.403916,-0.403916,0.29875,1
8481.28,8480.0,212,0.347354,-0.527563,-0.527563,-0.382979,-0.382979,0.290688,1
8521.38,8520.0,213,0.380838,-0.387563,-0.387563,-0.522979,-0.522979,0.276672,1
8561.479,8560.0,214,0.41471,-0.247563,-0.247563,-0.662979,-0.662979,0.261168,1
8600.584,8600.0,215,0.448677,-0.107563,-0.107563,-0.802979,-0.802979,0.245292,1
8640.739,8640.0,216,0.308677,-0.247563,-0.247563,-0.662979,-0.662979,0.106323,1
8681.041,8680.0,217,0.179169,-0.387563,-0.387563,-0.522979,-0.522979,0.071581,1
8721.427,8720.0,218,0.151292,-0.447891,-0.447891,-0.382979,-0.382979,0.062895,1
8760.65,8760.0,219,0.148823,-0.307891,-0.307891,-0.242979,-0.242979,0.060724,1
8801.247,8800.0,220,0.152706,-0.167891,-0.167891,-0.102979,-0.102979,0.060181,1
8841.2,8840.0,221,0.158176,-0.027891,-0.027891,0.037021,0.037021,0.060045,1
8880.637,8880.0,222,0.137044,-0.167891,-0.167891,0.024255,0.024255,0.060011,1
8920.781,8920.0,223,0.155761,-0.307891,-0.307891,0.024064,0.024064,0.099003,1
8961.399,8960.0,224,0.18444,-0.447891,-0.447891,0.027016,0.027016,0.147751,1
9001.685,9000.0,225,0.21561,-0.587891,-0.587891,0.030754,0.030754,0.198938,1
9041.559,9040.0,226,0.181028,-0.709473,-0.709473,0.025688,0.025688,0.171234,1
9081.76,9080.0,227,0.130007,-0.569473,-0.569473,0.018422,0.018422,0.123809,1
9121.67,9120.0,228,0.074877,-0.429473,-0.429473,0.010606,0.010606,0.071452,1
9161.772,9160.0,229,0.018719,-0.289473,-0.289473,0.002651,0.002651,0.017863,1
9200.883,9200.0,230,0.00468,-0.149473,-0.149473,0.000663,0.000663,0.004466,1
9241.156,9240.0,231,0.00117,-0.037368,-0.037368,0.000166,0.000166,0.001116,1
9280.806,9280.0,232,0.000292,-0.009342,-0.009342,4.1e-05,4.1e-05,0.000279,1
9321.682,9320.0,233,7.3e-05,-0.002336,-0.002336,1e-05,1e-05,7e-05,1
9361.166,9360.0,234,1.8e-05,-0.000584,-0.000584,3e-06,3e-06,1.7e-05,1
9401.575,9400.0,235,5e-06,-0.000146,-0.000146,1e-06,1e-06,4e-06,1
9441.462,9440.0,236,1e-06,-3.6e-05,-3.6e-05,0.0,0.0,1e-06,1
9481.037,9480.0,237,0.0,-9e-06,-9e-06,0.0,0.0,0.0,1
9521.225,9520.0,238,0.14,-0.036002,-0.036002,-0.14,-0.14,0.14,1
9560.891,9560.0,239,0.28,0.103998,0.103998,-0.28,-0.28,0.215,1
9601.133,9600.0,240,0.14,-0.036002,-0.036002,-0.31,-0.31,0.075,1
9640.775,9640.0,241,0.104,-0.176002,-0.176002,-0.4195,-0.4195,-0.065,1
9681.269,9680.0,242,0.164,-0.316002,-0.316002,-0.548875,-0.548875,-0.11075,1
9721.56,9720.0,243,0.248,-0.293501,-0.293501,-0.683219,-0.683219,-0.030687,1
9761.459,9760.0,244,0.338,-0.153501,-0.153501,-0.818805,-0.818805,0.080828,1
9800.947,9800.0,245,0.4295,-0.013501,-0.013501,-0.954701,-0.954701,0.200207,1
9840.699,9840.0,246,0.324875,-0.153501,-0.153501,-0.814701,-0.814701,0.290052,1
9880.66,9880.0,247,0.324219,-0.293501,-0.293501,-0.674701,-0.674701,0.300513,1
9921.059,9920.0,248,0.349555,-0.433501,-0.433501,-0.534701,-0.534701,0.291128,1
9960.595,9960.0,249,0.381389,-0.322875,-0.322875,-0.571675,-0.571675,0.276782,1
10001.374,10000.0,250,0.414847,-0.182875,-0.182875,-0.711675,-0.711675,0.261196,1
10041.788,10040.0,251,0.448712,-0.042875,-0.042875,-0.851675,-0.851675,0.245299,1
10081.533,10080.0,252,0.308712,-0.182875,-0.182875,-0.711675,-0.711675,0.106325,1
10121.079,10120.0,253,0.179178,-0.322875,-0.322875,-0.571675,-0.571675,0.071581,1
10161.418,10160.0,254,0.151294,-0.431719,-0.431719,-0.431675,-0.431675,0.062895,1
10201.567,10200.0,255,0.148824,-0.291719,-0.291719,-0.291675,-0.291675,0.060724,1
10240.921,10240.0,256,0.152706,-0.151719,-0.151719,-0.151675,-0.151675,0.060181,1
10281.141,10280.0,257,0.115177,-0.011719,-0.011719,-0.011675,-0.011675,0.045045,1
10321.447,10320.0,258,0.067294,0.01307,0.01307,0.128325,0.128325,0.026261,1
10361.377,10360.0,259,0.016823,0.003268,0.003268,0.032081,0.032081,0.006565,1
10401.472,10400.0,260,0.110706,-0.136732,-0.136732,0.172081,0.172081,0.046641,1
10442.059,10440.0,261,0.138676,-0.185683,-0.185683,0.312081,0.312081,0.05666,1
10480.745,10480.0,262,0.150169,-0.045683,-0.045683,0.452081,0.452081,0.059165,1
10521.571,10520.0,263,0.114543,0.020579,0.020579,0.51502,0.51502,0.044791,1
10560.96,10560.0,264,0.067135,0.021145,0.021145,0.37502,0.37502,0.026198,1
10601.188,10600.0,265,0.016784,0.005286,0.005286,0.23502,0.23502,0.006549,1
10641.484,10640.0,266,0.110696,-0.134714,-0.134714,0.367755,0.367755,0.046637,1
10681.134,10680.0,267,0.138674,-0.185178,-0.185178,0.507755,0.507755,0.056659,1
10721.684,10720.0,268,0.150168,-0.045178,-0.045178,0.647755,0.647755,0.059165,1
10761.174,10760.0,269,0.157542,0.094822,0.094822,0.787755,0.787755,0.059791,1
10801.351,10800.0,270,0.136886,-0.045178,-0.045178,0.647755,0.647755,0.059948,1
10841.001,10840.0,271,0.181221,-0.185178,-0.185178,0.507755,0.507755,0.086987,1
10880.909,10880.0,272,0.241805,-0.325178,-0.325178,0.367755,0.367755,0.120747,1
10921.131,10920.0,273,0.306451,-0.295795,-0.295795,0.227755,0.227755,0.156187,1
10960.813,10960.0,274,0.372113,-0.155795,-0.155795,0.087755,0.087755,0.192047,1
11000.827,11000.0,275,0.438028,-0.015795,-0.015795,-0.052245,-0.052245,0.228012,1
11041.228,11040.0,276,0.298028,-0.155795,-0.155795,0.001939,0.001939,0.102003,1
11080.997,11080.0,277,0.176507,-0.295795,-0.295795,0.141939,0.141939,0.070501,1
11121.101,11120.0,278,0.150627,-0.424949,-0.424949,0.281939,0.281939,0.062625,1
11162.268,11160.0,279,0.148657,-0.284949,-0.284949,0.421939,0.421939,0.060656,1
11201.333,11200.0,280,0.152664,-0.144949,-0.144949,0.561939,0.561939,0.060164,1
11241.313,11240.0,281,0.158166,-0.004949,-0.004949,0.701939,0.701939,0.060041,1
11281.336,11280.0,282,0.137042,-0.144949,-0.144949,0.561939,0.561939,0.06001,1
11322.149,11320.0,283,0.13626,-0.284949,-0.284949,0.421939,0.421939,0.069003,1
11361.585,11360.0,284,0.140565,-0.221237,-0.221237,0.281939,0.281939,0.080251,1
11401.188,11400.0,285,0.146141,-0.081237,-0.081237,0.141939,0.141939,0.092063,1
11441.273,11440.0,286,0.152035,0.058763,0.058763,0.068485,0.068485,0.104016,1
11481.43,11480.0,287,0.158009,0.198763,0.198763,0.054621,0.054621,0.116004,1
11521.689,11520.0,288,0.159502,0.297191,0.297191,0.194621,0.194621,0.074001,1
11561.665,11560.0,289,0.204876,0.300798,0.300798,0.334621,0.334621,0.0905,1
11601.294,11600.0,290,0.261219,0.280699,0.280699,0.233655,0.233655,0.121625,1
11641.277,11640.0,291,0.320305,0.254675,0.254675,0.093655,0.093655,0.156406,1
11681.265,11680.0,292,0.380076,0.227169,0.227169,-0.046345,-0.046345,0.192102,1
11720.702,11720.0,293,0.440019,0.199292,0.199292,-0.186345,-0.186345,0.228025,1
11760.91,11760.0,294,0.300019,0.297323,0.297323,-0.046345,-0.046345,0.102006,1
11801.101,11800.0,295,0.214505,0.157323,0.157323,0.093655,0.093655,0.109502,1
11841.346,11840.0,296,0.212626,0.017323,0.017323,0.233655,0.233655,0.150375,1
11880.826,11880.0,297,0.231657,-0.122677,-0.122677,0.373655,0.373655,0.199594,1
11921.414,11920.0,298,0.255914,-0.262677,-0.262677,0.267414,0.267414,0.250898,1
11960.682,11960.0,299,0.281479,-0.402677,-0.402677,0.127414,0.127414,0.302725,1
12001.472,12000.0,300,0.16787,-0.542677,-0.542677,0.046853,0.046853,0.162725,1
12041.06,12040.0,301,0.163467,-0.682677,-0.682677,0.029713,0.029713,0.124681,1
12080.571,12080.0,302,0.186367,-0.822677,-0.822677,0.028428,0.028428,0.15417,1
12121.532,12120.0,303,0.216092,-0.955669,-0.955669,0.031107,0.031107,0.200543,1
12160.773,12160.0,304,0.181148,-0.815669,-0.815669,0.025777,0.025777,0.171636,1
12201.317,12200.0,305,0.130037,-0.675669,-0.675669,0.018444,0.018444,0.123909,1
12241.233,12240.0,306,0.074884,-0.535669,-0.535669,0.010611,0.010611,0.071477,1
12280.978,12280.0,307,0.018721,-0.395669,-0.395669,0.002653,0.002653,0.017869,1
12321.569,12320.0,308,0.00468,-0.255669,-0.255669,0.000663,0.000663,0.004467,1
12360.911,12360.0,309,0.00117,-0.115669,-0.115669,0.000166,0.000166,0.001117,1
12400.997,12400.0,310,0.000293,-0.028917,-0.028917,4.1e-05,4.1e-05,0.000279,1
12440.834,12440.0,311,7.3e-05,-0.007229,-0.007229,1e-05,1e-05,7e-05,1
12481.427,12480.0,312,1.8e-05,-0.001807,-0.001807,3e-06,3e-06,1.7e-05,1
12521.34,12520.0,313,5e-06,-0.000452,-0.000452,1e-06,1e-06,4e-06,1
12561.206,12560.0,314,1e-06,-0.000113,-0.000113,0.0,0.0,1e-06,1
12601.428,12600.0,315,0.0,-2.8e-05,-2.8e-05,0.0,0.0,0.0,1
12640.788,12640.0,316,0.0,-7e-06,-7e-06,0.0,0.0,0.0,1
12681.477,12680.0,317,0.0,-2e-06,-2e-06,0.0,0.0,0.0,1
12721.983,12720.0,318,0.0,-0.0,-0.0,0.0,0.0,0.0,1
12761.322,12760.0,319,0.0,-0.0,-0.0,0.0,0.0,0.0,1
12801.584,12800.0,320,0.0,-0.0,-0.0,0.0,0.0,0.0,1
12840.975,12840.0,321,0.0,-0.0,-0.0,0.0,0.0,0.0,1
12881.315,12880.0,322,0.0,-0.0,-0.0,0.0,0.0,0.0,1
12920.563,12920.0,323,0.0,-0.0,-0.0,0.0,0.0,0.0,1
12960.871,12960.0,324,0.0,-0.0,-0.0,0.0,0.0,0.0,1
13000.94,13000.0,325,0.0,-0.0,-0.0,0.0,0.0,0.0,1
13041.429,13040.0,326,0.14,-0.14,-0.14,0.14,0.14,0.123,1
13080.889,13080.0,327,0.2135,-0.28,-0.28,0.28,0.28,0.19275,1
13120.925,13120.0,328,0.251375,-0.42,-0.42,0.244,0.244,0.249188,1
13161.373,13160.0,329,0.280344,-0.56,-0.56,0.104,0.104,0.302297,1
13201.147,13200.0,330,0.140344,-0.7,-0.7,-0.036,-0.036,0.162297,1
13241.131,13240.0,331,0.059086,-0.7255,-0.7255,-0.051,-0.051,0.022297,1
13281.128,13280.0,332,0.062771,-0.5855,-0.5855,0.089,0.089,-0.117703,1
13321.118,13320.0,333,0.087693,-0.4455,-0.4455,0.229,0.229,-0.113426,1
13361.208,13360.0,334,0.117923,-0.3055,-0.3055,0.369,0.369,-0.047856,1
13401.039,13400.0,335,0.149481,-0.1655,-0.1655,0.509,0.509,0.033036,1
13441.214,13440.0,336,0.13487,-0.3055,-0.3055,0.369,0.369,0.053259,1
13481.635,13480.0,337,0.135718,-0.4455,-0.4455,0.229,0.229,0.067315,1
13521.072,13520.0,338,0.140429,-0.3055,-0.3055,0.089,0.089,0.079829,1
13561.401,13560.0,339,0.146107,-0.1655,-0.1655,0.05075,0.05075,0.091957,1
13601.113,13600.0,340,0.152027,-0.0255,-0.0255,0.045688,0.045688,0.103989,1
13641.175,13640.0,341,0.124632,0.1145,0.1145,0.036172,0.036172,0.086747,1
13681.584,13680.0,342,0.088908,0.253625,0.253625,0.025543,0.025543,0.062187,1
13721.17,13720.0,343,0.051102,0.175906,0.175906,0.014636,0.014636,0.035797,1
13760.883,13760.0,344,0.012775,0.043977,0.043977,0.003659,0.003659,0.008949,1
13801.187,13800.0,345,0.003194,0.010994,0.010994,0.000915,0.000915,0.002237,1
13840.899,13840.0,346,0.000798,0.002749,0.002749,0.000229,0.000229,0.000559,1
13880.665,13880.0,347,0.0002,0.000687,0.000687,5.7e-05,5.7e-05,0.00014,1
13920.925,13920.0,348,5e-05,0.000172,0.000172,1.4e-05,1.4e-05,3.5e-05,1
13961.495,13960.0,349,1.2e-05,4.3e-05,4.3e-05,4e-06,4e-06,9e-06,1
14001.118,14000.0,350,3e-06,1.1e-05,1.1e-05,1e-06,1e-06,2e-06,1
14041.193,14040.0,351,1e-06,3e-06,3e-06,0.0,0.0,1e-06,1
14081.274,14080.0,352,0.140001,-0.046499,-0.046499,-0.14,-0.14,0.117,1
14121.39,14120.0,353,0.26,-0.131625,-0.131625,-0.28,-0.28,0.16425,1
14161.421,14160.0,354,0.1625,-0.271625,-0.271625,-0.14,-0.14,0.086063,1
14201.417,14200.0,355,0.163625,-0.411625,-0.411625,-0.173,-0.173,0.084516,1
14240.953,14240.0,356,0.189406,-0.551625,-0.551625,-0.313,-0.313,0.102129,1
14281.257,14280.0,357,0.221352,-0.509906,-0.509906,-0.453,-0.453,0.124532,1
14321.03,14320.0,358,0.254838,-0.373477,-0.373477,-0.593,-0.593,0.148133,1
14361.402,14360.0,359,0.288709,-0.233477,-0.233477,-0.733,-0.733,0.172033,1
14401.09,14400.0,360,0.148709,-0.373477,-0.373477,-0.593,-0.593,0.032033,1
14441.08,14440.0,361,0.061177,-0.513477,-0.513477,-0.453,-0.453,-0.107967,1
14481.484,14480.0,362,0.063294,-0.479369,-0.479369,-0.313,-0.313,-0.175492,1
14521.822,14520.0,363,0.087824,-0.339369,-0.339369,-0.173,-0.173,-0.127873,1
14561.753,14560.0,364,0.117956,-0.199369,-0.199369,-0.033,-0.033,-0.051468,1
14601.965,14600.0,365,0.149489,-0.059369,-0.059369,0.107,0.107,0.032133,1
14641.061,14640.0,366,0.254872,-0.199369,-0.199369,0.05675,0.05675,0.172133,1
14681.548,14680.0,367,0.282718,-0.339369,-0.339369,-0.08325,-0.08325,0.262033,1
14721.418,14720.0,368,0.29118,-0.479369,-0.479369,-0.22325,-0.22325,0.263508,1
14760.994,14760.0,369,0.294795,-0.491842,-0.491842,-0.36325,-0.36325,0.242877,1
14801.663,14800.0,370,0.297199,-0.368961,-0.368961,-0.50325,-0.50325,0.216719,1
14841.504,14840.0,371,0.2993,-0.228961,-0.228961,-0.64325,-0.64325,0.18918,1
14881.061,14880.0,372,0.172325,-0.368961,-0.368961,-0.50325,-0.50325,0.092295,1
14921.221,14920.0,373,0.164581,-0.508961,-0.508961,-0.36325,-0.36325,0.107074,1
14961.661,14960.0,374,0.186645,-0.648961,-0.648961,-0.22325,-0.22325,0.149768,1
15000.833,15000.0,375,0.216161,-0.788961,-0.788961,-0.08325,-0.08325,0.199442,1
15041.388,15040.0,376,0.24754,-0.928961,-0.928961,0.006188,0.006188,0.250861,1
15081.617,15080.0,377,0.190885,-0.788961,-0.788961,0.019547,0.019547,0.196715,1
15120.768,15120.0,378,0.112221,-0.648961,-0.648961,0.013887,0.013887,0.116179,1
15160.89,15160.0,379,0.028055,-0.508961,-0.508961,0.003472,0.003472,0.029045,1
15201.184,15200.0,380,0.168055,-0.52024,-0.52024,-0.136528,-0.136528,0.106261,1
15241.145,15240.0,381,0.288014,-0.38024,-0.38024,-0.276528,-0.276528,0.152565,1
15281.23,15280.0,382,0.367503,-0.24024,-0.24024,-0.416528,-0.416528,0.191141,1
15321.091,15320.0,383,0.313501,-0.10024,-0.10024,-0.551882,-0.551882,0.162535,1
15360.886,15360.0,384,0.226125,-0.04306,-0.04306,-0.436471,-0.436471,0.117134,1
15400.992,15400.0,385,0.130406,-0.019765,-0.019765,-0.296471,-0.296471,0.067533,1
15440.812,15440.0,386,0.032602,-0.004941,-0.004941,-0.156471,-0.156471,0.016883,1
15481.725,15480.0,387,0.00815,-0.001235,-0.001235,-0.039118,-0.039118,0.004221,1
15520.866,15520.0,388,0.002038,-0.000309,-0.000309,-0.009779,-0.009779,0.001055,1
15561.197,15560.0,389,0.000509,-7.7e-05,-7.7e-05,-0.002445,-0.002445,0.000264,1
15601.849,15600.0,390,0.000127,-1.9e-05,-1.9e-05,-0.000611,-0.000611,6.6e-05,1
15641.496,15640.0,391,3.2e-05,-5e-06,-5e-06,-0.000153,-0.000153,1.6e-05,1
15681.107,15680.0,392,8e-06,-1e-06,-1e-06,-3.8e-05,-3.8e-05,4e-06,1
15721.963,15720.0,393,2e-06,-0.0,-0.0,-1e-05,-1e-05,1e-06,1
15760.756,15760.0,394,0.0,-0.0,-0.0,-2e-06,-2e-06,0.0,1
15801.162,15800.0,395,0.0,-0.0,-0.0,-1e-06,-1e-06,0.0,1
15841.069,15840.0,396,0.0,-0.0,-0.0,-0.0,-0.0,0.0,1
15880.709,15880.0,397,0.14,0.14,0.14,0.14,0.14,0.072,1
15920.651,15920.0,398,0.245,0.2405,0.2405,0.185,0.185,0.117,1
15960.672,15960.0,399,0.31625,0.244625,0.244625,0.045,0.045,0.15525,1
16000.546,16000.0,400,0.379063,0.224656,0.224656,-0.095,-0.095,0.191813,1
16041.117,16040.0,401,0.439766,0.198664,0.198664,-0.235,-0.235,0.227953,1
16081.604,16080.0,402,0.299766,0.058664,0.058664,-0.095,-0.095,0.101988,1
16121.67,16120.0,403,0.176941,-0.081336,-0.081336,0.045,0.045,0.070497,1
16161.558,16160.0,404,0.150735,-0.221336,-0.221336,0.185,0.185,0.062624,1
16201.112,16200.0,405,0.148684,-0.206834,-0.206834,0.325,0.325,0.060656,1
16241.869,16240.0,406,0.152671,-0.066834,-0.066834,0.465,0.465,0.060164,1
16280.979,16280.0,407,0.158168,0.073166,0.073166,0.605,0.605,0.060041,1
16321.252,16320.0,408,0.137042,-0.066834,-0.066834,0.465,0.465,0.06001,1
16360.737,16360.0,409,0.15576,-0.206834,-0.206834,0.325,0.325,0.099003,1
16400.683,16400.0,410,0.130065,-0.346834,-0.346834,0.185,0.185,0.087751,1
16441.17,16440.0,411,0.093266,-0.461708,-0.461708,0.05525,0.05525,0.063938,1
16481.666,16480.0,412,0.053692,-0.321708,-0.321708,0.018312,0.018312,0.036984,1
16521.461,16520.0,413,0.013423,-0.181708,-0.181708,0.004578,0.004578,0.009246,1
16560.872,16560.0,414,0.100856,-0.321708,-0.321708,0.016145,0.016145,0.047312,1
16601.88,16600.0,415,0.146714,-0.461708,-0.461708,0.022036,0.022036,0.095828,1
16641.18,16640.0,416,0.182178,-0.601708,-0.601708,0.026509,0.026509,0.146957,1
16681.943,16680.0,417,0.215045,-0.741708,-0.741708,0.030627,0.030627,0.198739,1
16721.393,16720.0,418,0.247261,-0.881708,-0.881708,0.034657,0.034657,0.250685,1
16760.882,16760.0,419,0.279315,-0.970427,-0.970427,0.038664,0.038664,0.302671,1
16802.259,16800.0,420,0.189829,-0.830427,-0.830427,0.178664,0.178664,0.162671,1
16841.887,16840.0,421,0.137457,-0.690427,-0.690427,0.318664,0.318664,0.074418,1
16880.924,16880.0,422,0.094364,-0.550427,-0.550427,0.454666,0.454666,0.041104,1
16920.675,16920.0,423,0.053591,-0.410427,-0.410427,0.314666,0.314666,0.021526,1
16961.132,16960.0,424,0.013398,-0.270427,-0.270427,0.174666,0.174666,0.005382,1
17001.258,17000.0,425,0.003349,-0.130427,-0.130427,0.043667,0.043667,0.001345,1
17041.762,17040.0,426,0.000837,-0.032607,-0.032607,0.010917,0.010917,0.000336,1
17081.575,17080.0,427,0.000209,-0.008152,-0.008152,0.002729,0.002729,8.4e-05,1
17121.228,17120.0,428,5.2e-05,-0.002038,-0.002038,0.000682,0.000682,2.1e-05,1
17161.489,17160.0,429,1.3e-05,-0.000509,-0.000509,0.000171,0.000171,5e-06,1
17201.048,17200.0,430,3e-06,-0.000127,-0.000127,4.3e-05,4.3e-05,1e-06,1
17240.993,17240.0,431,1e-06,-3.2e-05,-3.2e-05,1.1e-05,1.1e-05,0.0,1
17281.047,17280.0,432,0.0,-8e-06,-8e-06,3e-06,3e-06,0.0,1
17321.332,17320.0,433,0.0,-2e-06,-2e-06,1e-06,1e-06,0.0,1
17360.924,17360.0,434,0.12,0.139998,0.139998,0.140001,0.140001,0.045,1
17401.355,17400.0,435,0.15,0.279998,0.279998,0.280001,0.280001,0.05625,1
17441.4,17440.0,436,0.1575,0.3175,0.3175,0.420001,0.420001,0.059063,1
17481.428,17480.0,437,0.159375,0.326875,0.326875,0.560001,0.560001,0.059766,1
17521.628,17520.0,438,0.137344,0.186875,0.186875,0.420001,0.420001,0.059941,1
17561.478,17560.0,439,0.155836,0.046875,0.046875,0.280001,0.280001,0.098985,1
17602.276,17600.0,440,0.184459,-0.093125,-0.093125,0.140001,0.140001,0.147746,1
17640.67,17640.0,441,0.215615,-0.233125,-0.233125,0.059,0.059,0.198937,1
17681.696,17680.0,442,0.247404,-0.373125,-0.373125,0.04175,0.04175,0.250734,1
17721.11,17720.0,443,0.279351,-0.513125,-0.513125,0.040438,0.040438,0.302684,1
17761.107,17760.0,444,0.167338,-0.653125,-0.653125,0.025109,0.025109,0.162684,1
17801.672,17800.0,445,0.163334,-0.793125,-0.793125,0.024277,0.024277,0.124671,1
17842.392,17840.0,446,0.186334,-0.933125,-0.933125,0.027069,0.027069,0.154168,1
17880.425,17880.0,447,0.216083,-0.983281,-0.983281,0.030767,0.030767,0.200542,1
17921.093,17920.0,448,0.247521,-0.99582,-0.99582,0.034692,0.034692,0.251135,1
17961.167,17960.0,449,0.27938,-0.998955,-0.998955,0.038673,0.038673,0.302784,1
18001.209,18000.0,450,0.287345,-0.999739,-0.999739,0.039668,0.039668,0.315696,1
18041.717,18040.0,451,0.269836,-0.859739,-0.859739,0.041417,0.041417,0.288924,1
18081.342,18080.0,452,0.245959,-0.719739,-0.719739,0.043354,0.043354,0.252231,1
18120.883,18120.0,453,0.22049,-0.579739,-0.579739,0.045339,0.045339,0.213058,1
18161.268,18160.0,454,0.194622,-0.439739,-0.439739,0.047335,0.047335,0.173264,1
18201.375,18200.0,455,0.168656,-0.299739,-0.299739,0.049334,0.049334,0.133316,1
18241.165,18240.0,456,0.139664,-0.439739,-0.439739,0.027333,0.027333,0.078329,1
18281.44,18280.0,457,0.157916,-0.579739,-0.579739,-0.112667,-0.112667,0.082582,1
18320.998,18320.0,458,0.187979,-0.642935,-0.642935,-0.252667,-0.252667,0.101646,1
18361.231,18360.0,459,0.220995,-0.532734,-0.532734,-0.392667,-0.392667,0.124411,1
18401.105,18400.0,460,0.254749,-0.392734,-0.392734,-0.532667,-0.532667,0.148103,1
18440.942,18440.0,461,0.288687,-0.252734,-0.252734,-0.672667,-0.672667,0.172026,1
18481.82,18480.0,462,0.289672,-0.392734,-0.392734,-0.532667,-0.532667,0.283006,1
18521.385,18520.0,463,0.289918,-0.532734,-0.532734,-0.392667,-0.392667,0.310752,1
18561.301,18560.0,464,0.289979,-0.672734,-0.672734,-0.252667,-0.252667,0.317688,1
18601.763,18600.0,465,0.289995,-0.812734,-0.812734,-0.112667,-0.112667,0.319422,1
18640.93,18640.0,466,0.289999,-0.952734,-0.952734,0.001833,0.001833,0.319855,1
18680.781,18680.0,467,0.29,-0.988183,-0.988183,0.030458,0.030458,0.319964,1
18720.648,18720.0,468,0.1925,-0.848183,-0.848183,0.170458,0.170458,0.179964,1
18761.244,18760.0,469,0.213125,-0.708183,-0.708183,0.310458,0.310458,0.116991,1
18801.854,18800.0,470,0.263281,-0.568183,-0.568183,0.227615,0.227615,0.128248,1
18841.227,18840.0,471,0.32082,-0.428183,-0.428183,0.087615,0.087615,0.158062,1
18881.234,18880.0,472,0.380205,-0.288183,-0.288183,-0.052385,-0.052385,0.192515,1
18921.475,18920.0,473,0.440051,-0.148183,-0.148183,-0.192385,-0.192385,0.228129,1
18961.479,18960.0,474,0.300051,-0.008183,-0.008183,-0.052385,-0.052385,0.102032,1
19001.272,19000.0,475,0.195013,0.131817,0.131817,0.087615,0.087615,0.070508,1
19041.099,19040.0,476,0.168753,0.271817,0.271817,0.227615,0.227615,0.062627,1
19081.829,19080.0,477,0.132188,0.253579,0.253579,0.367615,0.367615,0.049407,1
19122.012,19120.0,478,0.093047,0.187145,0.187145,0.466904,0.466904,0.034852,1
19161.563,19160.0,479,0.053262,0.108661,0.108661,0.326904,0.326904,0.019963,1
19202.068,19200.0,480,0.013315,0.027165,0.027165,0.186904,0.186904,0.004991,1
19241.504,19240.0,481,0.150329,-0.112835,-0.112835,0.046904,0.046904,0.073248,1
19281.531,19280.0,482,0.234082,-0.252835,-0.252835,-0.093096,-0.093096,0.117312,1
19321.301,19320.0,483,0.304521,-0.277709,-0.277709,-0.233096,-0.233096,0.155328,1
19361.578,19360.0,484,0.37163,-0.137709,-0.137709,-0.373096,-0.373096,0.191832,1
19401.356,19400.0,485,0.437908,0.002291,0.002291,-0.513096,-0.513096,0.227958,1
19440.945,19440.0,486,0.326977,-0.137709,-0.137709,-0.373096,-0.373096,0.296989,1
19480.534,19480.0,487,0.299244,-0.277709,-0.277709,-0.233096,-0.233096,0.314247,1
19521.61,19520.0,488,0.292311,-0.417709,-0.417709,-0.093096,-0.093096,0.318562,1
19561.529,19560.0,489,0.290578,-0.557709,-0.557709,0.006726,0.006726,0.31964,1
19601.021,19600.0,490,0.290144,-0.697709,-0.697709,0.031681,0.031681,0.31991,1
19641.469,19640.0,491,0.290036,-0.837709,-0.837709,0.03792,0.03792,0.319978,1
19681.027,19680.0,492,0.235634,-0.771927,-0.771927,0.03198,0.03198,0.259994,1
19721.637,19720.0,493,0.167659,-0.631927,-0.631927,0.022995,0.022995,0.184999,1
19761.529,19760.0,494,0.09629,-0.491927,-0.491927,0.013249,0.013249,0.10625,1
19801.45,19800.0,495,0.024072,-0.351927,-0.351927,0.003312,0.003312,0.026562,1
19840.844,19840.0,496,0.006018,-0.211927,-0.211927,0.000828,0.000828,0.006641,1
19880.415,19880.0,497,0.001505,-0.071927,-0.071927,0.000207,0.000207,0.00166,1
19921.247,19920.0,498,0.000376,-0.017982,-0.017982,5.2e-05,5.2e-05,0.000415,1
19961.223,19960.0,499,9.4e-05,-0.004495,-0.004495,1.3e-05,1.3e-05,0.000104,1
20000.99,20000.0,500,2.4e-05,-0.001124,-0.001124,3e-06,3e-06,2.6e-05,1
20041.567,20040.0,501,6e-06,-0.000281,-0.000281,1e-06,1e-06,6e-06,1
20081.189,20080.0,502,1e-06,-7e-05,-7e-05,0.0,0.0,2e-06,1
20120.748,20120.0,503,0.0,-1.8e-05,-1.8e-05,0.0,0.0,0.0,1
20160.909,20160.0,504,0.0,-4e-06,-4e-06,0.0,0.0,0.0,1
20201.176,20200.0,505,0.0,-1e-06,-1e-06,0.0,0.0,0.0,1
20241.986,20240.0,506,0.0,-0.0,-0.0,0.0,0.0,0.0,1
20281.257,20280.0,507,0.0,-0.0,-0.0,0.0,0.0,0.0,1
20321.53,20320.0,508,0.0,-0.0,-0.0,0.0,0.0,0.0,1
20361.551,20360.0,509,0.0,-0.0,-0.0,0.0,0.0,0.0,1
20401.109,20400.0,510,0.0,-0.0,-0.0,0.0,0.0,0.0,1
20441.42,20440.0,511,0.0,-0.0,-0.0,0.0,0.0,0.0,1
20481.312,20480.0,512,0.0,-0.0,-0.0,0.0,0.0,0.0,1
20521.128,20520.0,513,0.0,-0.0,-0.0,0.0,0.0,0.0,1
20561.782,20560.0,514,0.0,-0.0,-0.0,0.0,0.0,0.0,1
20601.565,20600.0,515,0.0,-0.0,-0.0,0.0,0.0,0.0,1
20641.739,20640.0,516,0.0,-0.0,-0.0,0.0,0.0,0.0,1
20681.63,20680.0,517,0.0,-0.0,-0.0,0.0,0.0,0.0,1
20721.007,20720.0,518,0.0,-0.0,-0.0,0.0,0.0,0.0,1
20761.777,20760.0,519,0.0,-0.0,-0.0,0.0,0.0,0.0,1
20800.831,20800.0,520,0.0,-0.0,-0.0,0.0,0.0,0.0,1
20841.702,20840.0,521,0.12,0.14,0.14,0.14,0.14,0.045,1
20881.342,20880.0,522,0.1275,-0.0,-0.0,0.05,0.05,0.05625,1
20921.29,20920.0,523,0.154875,-0.14,-0.14,-0.09,-0.09,0.077063,1
20961.826,20960.0,524,0.187219,-0.28,-0.28,-0.23,-0.23,0.100266,1
21001.595,21000.0,525,0.220805,-0.42,-0.42,-0.37,-0.37,0.124066,1
21041.477,21040.0,526,0.254701,-0.351,-0.351,-0.51,-0.51,0.148017,1
21081.354,21080.0,527,0.288675,-0.211,-0.211,-0.65,-0.65,0.172004,1
21121.299,21120.0,528,0.169669,-0.351,-0.351,-0.51,-0.51,0.088001,1
21161.324,21160.0,529,0.163917,-0.491,-0.491,-0.37,-0.37,0.106,1
21201.649,21200.0,530,0.186479,-0.631,-0.631,-0.23,-0.23,0.1495,1
21240.992,21240.0,531,0.21612,-0.771,-0.771,-0.09,-0.09,0.199375,1
21281.597,21280.0,532,0.24753,-0.911,-0.911,0.0045,0.0045,0.250844,1
21321.767,21320.0,533,0.279382,-0.97775,-0.97775,0.031125,0.031125,0.302711,1
21361.591,21360.0,534,0.139382,-0.994438,-0.994438,-0.108875,-0.108875,0.162711,1
21401.299,21400.0,535,0.103846,-0.854438,-0.854438,-0.248875,-0.248875,0.022711,1
21441.774,21440.0,536,0.163961,-0.714438,-0.714438,-0.388875,-0.388875,-0.088822,1
21480.591,21480.0,537,0.24799,-0.574438,-0.574438,-0.528875,-0.528875,-0.025206,1
21521.27,21520.0,538,0.337998,-0.434438,-0.434438,-0.668875,-0.668875,0.082199,1
21562.019,21560.0,539,0.429499,-0.294438,-0.294438,-0.808875,-0.808875,0.20055,1
21601.686,21600.0,540,0.289499,-0.434438,-0.434438,-0.668875,-0.668875,0.095137,1
21640.71,21640.0,541,0.149499,-0.574438,-0.574438,-0.528875,-0.528875,0.057534,1
21681.409,21680.0,542,0.086125,-0.518609,-0.518609,-0.388875,-0.388875,0.036884,1
21721.305,21720.0,543,0.045906,-0.378609,-0.378609,-0.248875,-0.248875,0.020471,1
21760.867,21760.0,544,0.011477,-0.238609,-0.238609,-0.108875,-0.108875,0.005118,1
21801.371,21800.0,545,0.002869,-0.098609,-0.098609,-0.027219,-0.027219,0.001279,1
21842.204,21840.0,546,0.000717,-0.024652,-0.024652,-0.006805,-0.006805,0.00032,1
21881.486,21880.0,547,0.000179,-0.006163,-0.006163,-0.001701,-0.001701,8e-05,1
21921.229,21920.0,548,4.5e-05,-0.001541,-0.001541,-0.000425,-0.000425,2e-05,1
21961.69,21960.0,549,1.1e-05,-0.000385,-0.000385,-0.000106,-0.000106,5e-06,1
22001.311,22000.0,550,3e-06,-9.6e-05,-9.6e-05,-2.7e-05,-2.7e-05,1e-06,1
22041.164,22040.0,551,1e-06,-2.4e-05,-2.4e-05,-7e-06,-7e-06,0.0,1
22080.908,22080.0,552,0.0975,-0.140024,-0.140024,0.014998,0.014998,0.045,1
22121.167,22120.0,553,0.126375,-0.280024,-0.280024,0.154998,0.154998,0.05625,1
22161.83,22160.0,554,0.138094,-0.420024,-0.420024,0.294998,0.294998,0.059063,1
22201.297,22200.0,555,0.145523,-0.280024,-0.280024,0.434998,0.434998,0.059766,1
22241.322,22240.0,556,0.151881,-0.140024,-0.140024,0.574998,0.574998,0.059941,1
22281.421,22280.0,557,0.15797,-2.4e-05,-2.4e-05,0.714998,0.714998,0.059985,1
22321.412,22320.0,558,0.136993,-0.140024,-0.140024,0.574998,0.574998,0.059996,1
22361.203,22360.0,559,0.136248,-0.280024,-0.280024,0.434998,0.434998,0.068999,1
22401.461,22400.0,560,0.140562,-0.220006,-0.220006,0.294998,0.294998,0.08025,1
22440.377,22440.0,561,0.146141,-0.080006,-0.080006,0.154998,0.154998,0.092062,1
22480.554,22480.0,562,0.152035,0.059994,0.059994,0.07175,0.07175,0.104016,1
22521.813,22520.0,563,0.158009,0.199994,0.199994,0.055437,0.055437,0.116004,1
22561.602,22560.0,564,0.137002,0.059994,0.059994,0.028859,0.028859,0.074001,1
22601.611,22600.0,565,0.155751,-0.080006,-0.080006,0.025215,0.025215,0.1025,1
22641.019,22640.0,566,0.184438,-0.220006,-0.220006,0.027304,0.027304,0.148625,1
22681.076,22680.0,567,0.215609,-0.360006,-0.360006,0.030826,0.030826,0.199156,1
22721.825,22720.0,568,0.247402,-0.500006,-0.500006,0.034706,0.034706,0.250789,1
22760.978,22760.0,569,0.279351,-0.640006,-0.640006,0.038677,0.038677,0.302697,1
22801.114,22800.0,570,0.232963,-0.722502,-0.722502,0.032169,0.032169,0.255674,1
22840.977,22840.0,571,0.166991,-0.582502,-0.582502,0.023042,0.023042,0.183919,1
22880.288,22880.0,572,0.096123,-0.442502,-0.442502,0.013261,0.013261,0.10598,1
22920.822,22920.0,573,0.024031,-0.302502,-0.302502,0.003315,0.003315,0.026495,1
22960.896,22960.0,574,0.006008,-0.162502,-0.162502,0.000829,0.000829,0.006624,1
23001.505,23000.0,575,0.001502,-0.040625,-0.040625,0.000207,0.000207,0.001656,1
23040.774,23040.0,576,0.000375,-0.010156,-0.010156,5.2e-05,5.2e-05,0.000414,1
23080.84,23080.0,577,9.4e-05,-0.002539,-0.002539,1.3e-05,1.3e-05,0.000103,1
23120.893,23120.0,578,2.3e-05,-0.000635,-0.000635,3e-06,3e-06,2.6e-05,1
23161.548,23160.0,579,0.111006,0.139365,0.139365,0.028501,0.028501,0.072006,1
23201.475,23200.0,580,0.143251,0.279365,0.279365,0.040125,0.040125,0.099002,1
23241.522,23240.0,581,0.155813,0.419365,0.419365,0.047531,0.047531,0.11475,1
23281.056,23280.0,582,0.158953,0.559365,0.559365,0.049383,0.049383,0.118688,1
23320.822,23320.0,583,0.159738,0.699365,0.699365,0.189383,0.189383,0.110672,1
23361.086,23360.0,584,0.119935,0.607841,0.607841,0.167346,0.167346,0.081668,1
23401.019,23400.0,585,0.069983,0.467841,0.467841,0.101836,0.101836,0.047417,1
23440.693,23440.0,586,0.017496,0.327841,0.327841,0.025459,0.025459,0.011854,1
23480.928,23480.0,587,0.124374,0.32946,0.32946,0.165459,0.165459,0.047964,1
23520.783,23520.0,588,0.076093,0.46946,0.46946,0.101365,0.101365,0.187964,1
23562.243,23560.0,589,0.124023,0.60946,0.60946,-0.038635,-0.038635,0.226991,1
23601.501,23600.0,590,0.196006,0.659365,0.659365,-0.178635,-0.178635,0.236748,1
23641.741,23640.0,591,0.274001,0.550341,0.550341,-0.318635,-0.318635,0.239187,1
23681.243,23680.0,592,0.3535,0.410341,0.410341,-0.458635,-0.458635,0.239797,1
23721.23,23720.0,593,0.433375,0.270341,0.270341,-0.598635,-0.598635,0.239949,1
23761.327,23760.0,594,0.293375,0.130341,0.130341,-0.458635,-0.458635,0.104987,1
23800.794,23800.0,595,0.194844,-0.009659,-0.009659,-0.318635,-0.318635,0.110247,1
23841.21,23840.0,596,0.194211,-0.149659,-0.149659,-0.178635,-0.178635,0.150562,1
23880.601,23880.0,597,0.218053,-0.289659,-0.289659,-0.038635,-0.038635,0.19964,1
23920.806,23920.0,598,0.248013,-0.429659,-0.429659,0.017341,0.017341,0.25091,1
23960.605,23960.0,599,0.279503,-0.569659,-0.569659,0.034335,0.034335,0.302728,1
24000.785,24000.0,600,0.189876,-0.429659,-0.429659,0.174335,0.174335,0.162728,1
24041.135,24040.0,601,0.167469,-0.289659,-0.289659,0.314335,0.314335,0.085682,1
24082.007,24080.0,602,0.161867,-0.149659,-0.149659,0.454335,0.454335,0.06642,1
24121.197,24120.0,603,0.160467,-0.009659,-0.009659,0.594335,0.594335,0.061605,1
24161.512,24160.0,604,0.160117,0.130341,0.130341,0.734335,0.734335,0.060401,1
24201.46,24200.0,605,0.160029,0.270341,0.270341,0.874335,0.874335,0.0601,1
24241.395,24240.0,606,0.160007,0.315085,0.315085,0.968584,0.968584,0.060025,1
24281.202,24280.0,607,0.160002,0.326271,0.326271,0.992146,0.992146,0.060006,1
24321.33,24320.0,608,0.16,0.329068,0.329068,0.998036,0.998036,0.060002,1
24361.669,24360.0,609,0.16,0.329767,0.329767,0.999509,0.999509,0.06,1
24400.812,24400.0,610,0.16,0.329942,0.329942,0.999877,0.999877,0.06,1
24441.127,24440.0,611,0.16,0.329985,0.329985,0.999969,0.999969,0.06,1
24481.472,24480.0,612,0.13,0.268121,0.268121,0.859969,0.859969,0.04875,1
24521.704,24520.0,613,0.0925,0.19078,0.19078,0.719969,0.719969,0.034688,1
24561.591,24560.0,614,0.053125,0.10957,0.10957,0.579969,0.579969,0.019922,1
24601.721,24600.0,615,0.013281,0.027393,0.027393,0.439969,0.439969,0.00498,1
24641.196,24640.0,616,0.00332,0.006848,0.006848,0.299969,0.299969,0.001245,1
24681.612,24680.0,617,0.00083,0.001712,0.001712,0.159969,0.159969,0.000311,1
24721.63,24720.0,618,0.000208,0.000428,0.000428,0.039992,0.039992,7.8e-05,1
24761.434,24760.0,619,5.2e-05,0.000107,0.000107,0.009998,0.009998,1.9e-05,1
24800.918,24800.0,620,0.140052,-0.139893,-0.139893,0.0235,0.0235,0.123005,1
24841.452,24840.0,621,0.204513,-0.279893,-0.279893,0.029875,0.029875,0.192751,1
24880.902,24880.0,622,0.244628,-0.419893,-0.419893,0.034469,0.034469,0.249188,1
24921.472,24920.0,623,0.278657,-0.559893,-0.559893,0.038617,0.038617,0.302297,1
24961.113,24960.0,624,0.138657,-0.699893,-0.699893,-0.101383,-0.101383,0.162297,1
25001.255,25000.0,625,0.103664,-0.746473,-0.746473,-0.241383,-0.241383,0.022297,1
25041.543,25040.0,626,0.163916,-0.606473,-0.606473,-0.381383,-0.381383,-0.088926,1
25081.487,25080.0,627,0.247979,-0.466473,-0.466473,-0.521383,-0.521383,-0.025231,1
25121.138,25120.0,628,0.337995,-0.326473,-0.326473,-0.661383,-0.661383,0.082192,1
25161.459,25160.0,629,0.429499,-0.186473,-0.186473,-0.801383,-0.801383,0.200548,1
25200.924,25200.0,630,0.289499,-0.326473,-0.326473,-0.661383,-0.661383,0.060548,1
25241.461,25240.0,631,0.149499,-0.466473,-0.466473,-0.521383,-0.521383,-0.079452,1
25281.537,25280.0,632,0.085375,-0.326473,-0.326473,-0.381383,-0.381383,-0.150363,1
25321.432,25320.0,633,0.093344,-0.186473,-0.186473,-0.241383,-0.241383,-0.094591,1
25361.072,25360.0,634,0.119336,-0.046473,-0.046473,-0.101383,-0.101383,-0.007148,1
25400.975,25400.0,635,0.149834,0.093527,0.093527,0.012154,0.012154,0.088213,1
25441.344,25440.0,636,0.037458,-0.046473,-0.046473,-0.127846,-0.127846,-0.051787,1
25481.86,25480.0,637,0.054365,-0.186473,-0.186473,-0.267846,-0.267846,-0.191787,1
25520.809,25520.0,638,0.103591,-0.326473,-0.326473,-0.407846,-0.407846,-0.160447,1
25561.538,25560.0,639,0.160898,-0.453618,-0.453618,-0.547846,-0.547846,-0.070112,1
25601.491,25600.0,640,0.220224,-0.359405,-0.359405,-0.687846,-0.687846,0.034972,1
25641.276,25640.0,641,0.280056,-0.219405,-0.219405,-0.827846,-0.827846,0.143743,1
25681.51,25680.0,642,0.190014,-0.079405,-0.079405,-0.687846,-0.687846,0.080936,1
25721.792,25720.0,643,0.187004,0.028149,0.028149,-0.547846,-0.547846,0.104234,1
25761.643,25760.0,644,0.205751,-0.111851,-0.111851,-0.407846,-0.407846,0.149058,1
25801.096,25800.0,645,0.229938,-0.251851,-0.251851,-0.267846,-0.267846,0.199265,1
25841.115,25840.0,646,0.255484,-0.391851,-0.391851,-0.127846,-0.127846,0.250816,1
25881.338,25880.0,647,0.281371,-0.531851,-0.531851,-0.001961,-0.001961,0.302704,1
25920.895,25920.0,648,0.167843,-0.671851,-0.671851,0.01451,0.01451,0.162704,1
25960.904,25960.0,649,0.163461,-0.811851,-0.811851,0.021627,0.021627,0.124676,1
26001.066,26000.0,650,0.186365,-0.951851,-0.951851,0.026407,0.026407,0.154169,1
26040.815,26040.0,651,0.216091,-0.987963,-0.987963,0.030602,0.030602,0.200542,1
26081.536,26080.0,652,0.247523,-0.996991,-0.996991,0.03465,0.03465,0.251136,1
26121.439,26120.0,653,0.207006,-0.856991,-0.856991,0.028913,0.028913,0.213534,1
26161.164,26160.0,654,0.148501,-0.716991,-0.716991,0.020728,0.020728,0.153883,1
26201.732,26200.0,655,0.0855,-0.576991,-0.576991,0.011932,0.011932,0.088721,1
26242.022,26240.0,656,0.021375,-0.436991,-0.436991,0.002983,0.002983,0.02218,1
26280.962,26280.0,657,0.161375,-0.576991,-0.576991,0.024746,0.024746,0.16218,1
26321.46,26320.0,658,0.233844,-0.716991,-0.716991,0.033186,0.033186,0.241545,1
26361.848,26360.0,659,0.275961,-0.856991,-0.856991,0.038297,0.038297,0.300386,1
26401.298,26400.0,660,0.16649,-0.964248,-0.964248,0.024574,0.024574,0.160386,1
26441.771,26440.0,661,0.106623,-0.824248,-0.824248,0.016143,0.016143,0.070097,1
26481.062,26480.0,662,0.059155,-0.684248,-0.684248,0.009036,0.009036,0.032524,1
26520.563,26520.0,663,0.014789,-0.544248,-0.544248,0.002259,0.002259,0.008131,1
26560.947,26560.0,664,0.119197,-0.404248,-0.404248,0.142259,0.142259,0.047033,1
26601.224,26600.0,665,0.149799,-0.264248,-0.264248,0.282259,0.282259,0.056758,1
26641.016,26640.0,666,0.25495,-0.404248,-0.404248,0.142259,0.142259,0.196758,1
26681.739,26680.0,667,0.282737,-0.544248,-0.544248,0.002259,0.002259,0.26819,1
26722.158,26720.0,668,0.234934,-0.604062,-0.604062,-0.093935,-0.093935,0.231297,1
26762.064,26760.0,669,0.168234,-0.464062,-0.464062,-0.086484,-0.086484,0.167324,1
26801.225,26800.0,670,0.096808,-0.324062,-0.324062,-0.053121,-0.053121,0.096581,1
26840.793,26840.0,671,0.024202,-0.184062,-0.184062,-0.01328,-0.01328,0.024145,1
26880.482,26880.0,672,0.006051,-0.046015,-0.046015,-0.00332,-0.00332,0.006036,1
26921.44,26920.0,673,0.001513,-0.011504,-0.011504,-0.00083,-0.00083,0.001509,1
26962.083,26960.0,674,0.000378,-0.002876,-0.002876,-0.000208,-0.000208,0.000377,1
27001.124,27000.0,675,0.140378,-0.142876,-0.142876,0.023948,0.023948,0.140377,1
27041.181,27040.0,676,0.228595,-0.282876,-0.282876,0.032987,0.032987,0.236094,1
27080.901,27080.0,677,0.274649,-0.422876,-0.422876,0.038247,0.038247,0.299024,1
27120.726,27120.0,678,0.188662,-0.282876,-0.282876,0.178247,0.178247,0.159024,1
27161.497,27160.0,679,0.167166,-0.142876,-0.142876,0.318247,0.318247,0.084756,1
27201.635,27200.0,680,0.161791,-0.002876,-0.002876,0.458247,0.458247,0.066189,1
27241.047,27240.0,681,0.160448,0.137124,0.137124,0.598247,0.598247,0.061547,1
27281.427,27280.0,682,0.160112,0.277124,0.277124,0.738247,0.738247,0.060387,1
27321.429,27320.0,683,0.160028,0.316781,0.316781,0.878247,0.878247,0.060097,1
27361.876,27360.0,684,0.137507,0.176781,0.176781,0.738247,0.738247,0.060024,1
27401.573,27400.0,685,0.157377,0.036781,0.036781,0.598247,0.598247,0.078006,1
27441.331,27440.0,686,0.187844,-0.103219,-0.103219,0.458247,0.458247,0.100502,1
27481.611,27480.0,687,0.220961,-0.243219,-0.243219,0.318247,0.318247,0.124125,1
27521.8,27520.0,688,0.25474,-0.306805,-0.306805,0.178247,0.178247,0.148031,1
27561.042,27560.0,689,0.288685,-0.196701,-0.196701,0.038247,0.038247,0.172008,1
27600.891,27600.0,690,0.192171,-0.056701,-0.056701,0.178247,0.178247,0.088002,1
27641.117,27640.0,691,0.168043,0.083299,0.083299,0.318247,0.318247,0.067,1
27681.393,27680.0,692,0.162011,0.223299,0.223299,0.458247,0.458247,0.06175,1
27720.945,27720.0,693,0.160503,0.303325,0.303325,0.598247,0.598247,0.060438,1
27761.018,27760.0,694,0.160126,0.323331,0.323331,0.738247,0.738247,0.060109,1
27801.559,27800.0,695,0.160031,0.328333,0.328333,0.878247,0.878247,0.060027,1
27841.832,27840.0,696,0.137508,0.188333,0.188333,0.738247,0.738247,0.060007,1
27880.973,27880.0,697,0.155877,0.048333,0.048333,0.598247,0.598247,0.099002,1
27921.458,27920.0,698,0.184469,-0.091667,-0.091667,0.458247,0.458247,0.14775,1
27960.842,27960.0,699,0.215617,-0.231667,-0.231667,0.318247,0.318247,0.198938,1
28001.283,28000.0,700,0.247404,-0.371667,-0.371667,0.178247,0.178247,0.250734,1
28041.091,28040.0,701,0.279351,-0.511667,-0.511667,0.074562,0.074562,0.302684,1
28080.797,28080.0,702,0.139351,-0.371667,-0.371667,0.07864,0.07864,0.255671,1
28121.361,28120.0,703,0.139838,-0.231667,-0.231667,-0.06136,-0.06136,0.243918,1
28161.436,28160.0,704,0.199959,-0.091667,-0.091667,-0.20136,-0.20136,0.240979,1
28200.755,28200.0,705,0.27499,0.048333,0.048333,-0.34136,-0.34136,0.240245,1
28241.192,28240.0,706,0.353747,0.188333,0.188333,-0.48136,-0.48136,0.240061,1
28280.79,28280.0,707,0.433437,0.189583,0.189583,-0.62136,-0.62136,0.240015,1
28320.834,28320.0,708,0.293437,0.329583,0.329583,-0.48136,-0.48136,0.240004,1
28360.82,28360.0,709,0.178359,0.469583,0.469583,-0.34136,-0.34136,0.240001,1
28401.571,28400.0,710,0.20959,0.609583,0.609583,-0.34934,-0.34934,0.24,1
28440.762,28440.0,711,0.277397,0.537896,0.537896,-0.48934,-0.48934,0.24,1
28481.227,28480.0,712,0.354349,0.398474,0.398474,-0.62934,-0.62934,0.24,1
28521.084,28520.0,713,0.433587,0.258474,0.258474,-0.76934,-0.76934,0.24,1
28560.791,28560.0,714,0.367147,0.171493,0.171493,-0.754835,-0.754835,0.195,1
28600.909,28600.0,715,0.264287,0.114123,0.114123,-0.614835,-0.614835,0.13875,1
28640.988,28640.0,716,0.152322,0.064156,0.064156,-0.474835,-0.474835,0.079688,1
28681.495,28680.0,717,0.03808,0.016039,0.016039,-0.334835,-0.334835,0.019922,1
28720.937,28720.0,718,0.00952,0.00401,0.00401,-0.194835,-0.194835,0.00498,1
28761.749,28760.0,719,0.00238,0.001002,0.001002,-0.054835,-0.054835,0.001245,1
28800.954,28800.0,720,0.000595,0.000251,0.000251,-0.013709,-0.013709,0.000311,1
28841.538,28840.0,721,0.000149,6.3e-05,6.3e-05,-0.003427,-0.003427,7.8e-05,1
28881.462,28880.0,722,3.7e-05,1.6e-05,1.6e-05,-0.000857,-0.000857,1.9e-05,1
28921.22,28920.0,723,9e-06,4e-06,4e-06,-0.000214,-0.000214,5e-06,1
28961.333,28960.0,724,2e-06,1e-06,1e-06,-5.4e-05,-5.4e-05,1e-06,1
29001.813,29000.0,725,1e-06,0.0,0.0,-1.3e-05,-1.3e-05,0.0,1
29040.675,29040.0,726,0.0,0.0,0.0,-3e-06,-3e-06,0.0,1
29081.807,29080.0,727,0.12,0.14,0.14,0.139997,0.139997,0.045,1
29121.911,29120.0,728,0.15,0.28,0.28,0.279997,0.279997,0.05625,1
29161.024,29160.0,729,0.1575,0.3175,0.3175,0.419997,0.419997,0.059063,1
29201.28,29200.0,730,0.159375,0.326875,0.326875,0.559997,0.559997,0.059766,1
29241.282,29240.0,731,0.159844,0.329219,0.329219,0.699997,0.699997,0.059941,1
29281.13,29280.0,732,0.159961,0.329805,0.329805,0.839997,0.839997,0.059985,1
29321.941,29320.0,733,0.15999,0.329951,0.329951,0.959999,0.959999,0.059996,1
29361.879,29360.0,734,0.159998,0.329988,0.329988,0.99,0.99,0.059999,1
29401.491,29400.0,735,0.159999,0.329997,0.329997,0.9975,0.9975,0.06,1
29441.429,29440.0,736,0.16,0.329999,0.329999,0.999375,0.999375,0.06,1
29481.058,29480.0,737,0.13,0.268125,0.268125,0.859375,0.859375,0.04875,1
29521.48,29520.0,738,0.0925,0.190781,0.190781,0.719375,0.719375,0.034687,1
29560.932,29560.0,739,0.053125,0.10957,0.10957,0.579375,0.579375,0.019922,1
29601.429,29600.0,740,0.013281,0.027393,0.027393,0.439375,0.439375,0.00498,1
29641.223,29640.0,741,0.00332,0.006848,0.006848,0.299375,0.299375,0.001245,1
29681.021,29680.0,742,0.00083,0.001712,0.001712,0.159375,0.159375,0.000311,1
29721.357,29720.0,743,0.000208,0.000428,0.000428,0.039844,0.039844,7.8e-05,1
29761.253,29760.0,744,0.097552,-0.139572,-0.139572,0.024961,0.024961,0.045019,1
29801.021,29800.0,745,0.145888,-0.279572,-0.279572,0.02424,0.02424,0.095255,1
29840.876,29840.0,746,0.181972,-0.419572,-0.419572,0.02706,0.02706,0.146814,1
29880.955,29880.0,747,0.214993,-0.559572,-0.559572,0.030765,0.030765,0.198703,1
29920.436,29920.0,748,0.247248,-0.699572,-0.699572,0.034691,0.034691,0.250676,1
29961.298,29960.0,749,0.279312,-0.839572,-0.839572,0.038673,0.038673,0.302669,1
30000.852,30000.0,750,0.287328,-0.959893,-0.959893,0.039668,0.039668,0.315667,1
30041.876,30040.0,751,0.234957,-0.819893,-0.819893,0.032417,0.032417,0.258917,1
30081.559,30080.0,752,0.167489,-0.679893,-0.679893,0.023104,0.023104,0.184729,1
30121.449,30120.0,753,0.096247,-0.539893,-0.539893,0.013276,0.013276,0.106182,1
30161.006,30160.0,754,0.024062,-0.399893,-0.399893,0.003319,0.003319,0.026546,1
30201.139,30200.0,755,0.164062,-0.259893,-0.259893,-0.136681,-0.136681,0.141636,1
30241.285,30240.0,756,0.258515,-0.399893,-0.399893,-0.00417,-0.00417,0.275409,1
30281.062,30280.0,757,0.282129,-0.539893,-0.539893,0.028957,0.028957,0.308852,1
30320.54,30320.0,758,0.288032,-0.679893,-0.679893,0.037239,0.037239,0.317213,1
30361.135,30360.0,759,0.289508,-0.819893,-0.819893,0.03931,0.03931,0.319303,1
30400.919,30400.0,760,0.289877,-0.954973,-0.954973,0.039827,0.039827,0.319826,1
30440.775,30440.0,761,0.289969,-0.988743,-0.988743,0.039957,0.039957,0.319956,1
30480.611,30480.0,762,0.192492,-0.848743,-0.848743,0.179957,0.179957,0.179956,1
30521.631,30520.0,763,0.213123,-0.708743,-0.708743,0.319957,0.319957,0.116989,1
30560.974,30560.0,764,0.263281,-0.568743,-0.568743,0.229989,0.229989,0.128247,1
30601.307,30600.0,765,0.32082,-0.428743,-0.428743,0.089989,0.089989,0.158062,1
30641.325,30640.0,766,0.380205,-0.288743,-0.288743,-0.050011,-0.050011,0.192515,1
30681.102,30680.0,767,0.440051,-0.148743,-0.148743,-0.190011,-0.190011,0.228129,1
30721.283,30720.0,768,0.300051,-0.008743,-0.008743,-0.050011,-0.050011,0.102032,1
30761.451,30760.0,769,0.195013,0.131257,0.131257,0.089989,0.089989,0.070508,1
30801.198,30800.0,770,0.168753,0.271257,0.271257,0.229989,0.229989,0.062627,1
30841.334,30840.0,771,0.162188,0.315314,0.315314,0.369989,0.369989,0.060657,1
30880.964,30880.0,772,0.160547,0.326329,0.326329,0.509989,0.509989,0.060164,1
30921.424,30920.0,773,0.160137,0.329082,0.329082,0.649989,0.649989,0.060041,1
30960.665,30960.0,774,0.137534,0.189082,0.189082,0.509989,0.509989,0.06001,1
31000.587,31000.0,775,0.181384,0.049082,0.049082,0.369989,0.369989,0.087003,1
31040.674,31040.0,776,0.241846,-0.090918,-0.090918,0.229989,0.229989,0.120751,1
31081.209,31080.0,777,0.306461,-0.230918,-0.230918,0.089989,0.089989,0.156188,1
31120.741,31120.0,778,0.372115,-0.093729,-0.093729,-0.050011,-0.050011,0.192047,1
31160.582,31160.0,779,0.438029,0.046271,0.046271,-0.190011,-0.190011,0.228012,1
31200.547,31200.0,780,0.298029,-0.093729,-0.093729,-0.050011,-0.050011,0.102003,1
31241.314,31240.0,781,0.176507,-0.233729,-0.233729,0.089989,0.089989,0.070501,1
31281.401,31280.0,782,0.150627,-0.373729,-0.373729,0.229989,0.229989,0.062625,1
31321.515,31320.0,783,0.148657,-0.244932,-0.244932,0.369989,0.369989,0.060656,1
31360.736,31360.0,784,0.152664,-0.104932,-0.104932,0.509989,0.509989,0.060164,1
31402.003,31400.0,785,0.158166,0.035068,0.035068,0.649989,0.649989,0.060041,1
31441.496,31440.0,786,0.159542,0.175068,0.175068,0.789989,0.789989,0.06001,1
31480.822,31480.0,787,0.159885,0.315068,0.315068,0.804997,0.804997,0.069003,1
31521.6,31520.0,788,0.159971,0.455068,0.455068,0.666249,0.666249,0.080251,1
31561.34,31560.0,789,0.159993,0.595068,0.595068,0.526249,0.526249,0.092063,1
31601.563,31600.0,790,0.129998,0.560517,0.560517,0.386249,0.386249,0.077016,1
31641.884,31640.0,791,0.0925,0.420517,0.420517,0.257812,0.257812,0.055254,1
31681.417,31680.0,792,0.053125,0.280517,0.280517,0.145078,0.145078,0.031813,1
31721.097,31720.0,793,0.013281,0.140517,0.140517,0.03627,0.03627,0.007953,1
31760.76,31760.0,794,0.00332,0.035129,0.035129,0.009067,0.009067,0.001988,1
31801.25,31800.0,795,0.00083,0.008782,0.008782,0.002267,0.002267,0.000497,1
31842.026,31840.0,796,0.14083,-0.131218,-0.131218,0.027567,0.027567,0.140497,1
31880.767,31880.0,797,0.252708,-0.271218,-0.271218,0.036892,0.036892,0.275124,1
31921.123,31920.0,798,0.160677,-0.411218,-0.411218,0.024223,0.024223,0.135124,1
31961.394,31960.0,799,0.142169,-0.551218,-0.551218,0.164223,0.164223,0.078781,1
32002.46,32000.0,800,0.142042,-0.488804,-0.488804,0.304223,0.304223,0.064695,1
32040.915,32040.0,801,0.146511,-0.348804,-0.348804,0.444223,0.444223,0.061174,1
32081.775,32080.0,802,0.152128,-0.208804,-0.208804,0.584223,0.584223,0.060293,1
32121.449,32120.0,803,0.158032,-0.068804,-0.068804,0.724223,0.724223,0.060073,1
32161.632,32160.0,804,0.159508,0.071196,0.071196,0.864223,0.864223,0.060018,1
32201.603,32200.0,805,0.159877,0.211196,0.211196,0.966056,0.966056,0.060005,1
32241.083,32240.0,806,0.119969,0.217799,0.217799,0.826056,0.826056,0.045001,1
32281.874,32280.0,807,0.069992,0.13695,0.13695,0.686056,0.686056,0.02625,1
32321.738,32320.0,808,0.017498,0.034237,0.034237,0.546056,0.546056,0.006563,1
32360.762,32360.0,809,0.124375,0.174237,0.174237,0.686056,0.686056,0.046641,1
32401.573,32400.0,810,0.151094,0.291059,0.291059,0.826056,0.826056,0.05666,1
32441.376,32440.0,811,0.177273,0.151059,0.151059,0.812514,0.812514,0.098165,1
32480.782,32480.0,812,0.203318,0.011059,0.011059,0.672514,0.672514,0.147541,1
32521.029,32520.0,813,0.22933,-0.128941,-0.128941,0.532514,0.532514,0.198885,1
32560.702,32560.0,814,0.255332,-0.268941,-0.268941,0.392514,0.392514,0.250721,1
32600.771,32600.0,815,0.281333,-0.408941,-0.408941,0.252514,0.252514,0.30268,1
32641.465,32640.0,816,0.190333,-0.268941,-0.268941,0.392514,0.392514,0.16268,1
32681.4,32680.0,817,0.127584,-0.128941,-0.128941,0.532514,0.532514,0.07067,1
32720.947,32720.0,818,0.071896,0.011059,0.011059,0.392514,0.392514,0.032668,1
32761.517,32760.0,819,0.017974,0.002765,0.002765,0.252514,0.252514,0.008167,1
32801.691,32800.0,820,0.157974,-0.045809,-0.045809,0.112514,0.112514,0.119042,1
32840.958,32840.0,821,0.264493,-0.131452,-0.131452,-0.027486,-0.027486,0.16476,1
32881.463,32880.0,822,0.163623,-0.271452,-0.271452,0.008128,0.008128,0.08619,1
32920.798,32920.0,823,0.138406,-0.411452,-0.411452,0.017032,0.017032,0.066548,1
32961.328,32960.0,824,0.132101,-0.551452,-0.551452,0.019258,0.019258,0.061637,1
33000.828,33000.0,825,0.130525,-0.691452,-0.691452,0.019815,0.019815,0.060409,1
33040.984,33040.0,826,0.130131,-0.831452,-0.831452,0.019954,0.019954,0.060102,1
33081.676,33080.0,827,0.130033,-0.957863,-0.957863,0.019988,0.019988,0.060026,1
33121.745,33120.0,828,0.250008,-0.989466,-0.989466,0.034997,0.034997,0.200026,1
33161.773,33160.0,829,0.280002,-0.997366,-0.997366,0.038749,0.038749,0.290006,1
33201.449,33200.0,830,0.287501,-0.999342,-0.999342,0.039687,0.039687,0.312502,1
33241.327,33240.0,831,0.289375,-0.999835,-0.999835,0.039922,0.039922,0.318125,1
33281.375,33280.0,832,0.289844,-0.999959,-0.999959,0.03998,0.03998,0.319531,1
33321.161,33320.0,833,0.289961,-0.99999,-0.99999,0.039995,0.039995,0.319883,1
33361.279,33360.0,834,0.28999,-0.999997,-0.999997,0.039999,0.039999,0.319971,1
33401.009,33400.0,835,0.270498,-0.859997,-0.859997,0.0415,0.0415,0.289993,1
33441.349,33440.0,836,0.246124,-0.719997,-0.719997,0.043375,0.043375,0.252498,1
33482.289,33480.0,837,0.220531,-0.579997,-0.579997,0.045344,0.045344,0.213125,1
33521.268,33520.0,838,0.194633,-0.439997,-0.439997,0.047336,0.047336,0.173281,1
33561.213,33560.0,839,0.168658,-0.299997,-0.299997,0.049334,0.049334,0.13332,1
33600.736,33600.0,840,0.139665,-0.439997,-0.439997,0.027333,0.027333,0.07833,1
33641.403,33640.0,841,0.157916,-0.579997,-0.579997,-0.112667,-0.112667,0.082583,1
33681.111,33680.0,842,0.187979,-0.642999,-0.642999,-0.252667,-0.252667,0.101646,1
33721.065,33720.0,843,0.220995,-0.53275,-0.53275,-0.392667,-0.392667,0.124411,1
33761.113,33760.0,844,0.254749,-0.39275,-0.39275,-0.532667,-0.532667,0.148103,1
33800.983,33800.0,845,0.288687,-0.25275,-0.25275,-0.672667,-0.672667,0.172026,1
33841.284,33840.0,846,0.240922,-0.153187,-0.153187,-0.730667,-0.730667,0.144256,1
33881.29,33880.0,847,0.17273,-0.098297,-0.098297,-0.590667,-0.590667,0.103564,1
33920.826,33920.0,848,0.099433,-0.054574,-0.054574,-0.450667,-0.450667,0.059641,1
33962.08,33960.0,849,0.024858,-0.013644,-0.013644,-0.310667,-0.310667,0.01491,1
34001.048,34000.0,850,0.006215,-0.003411,-0.003411,-0.170667,-0.170667,0.003728,1
34041.842,34040.0,851,0.001554,-0.000853,-0.000853,-0.042667,-0.042667,0.000932,1
34081.593,34080.0,852,0.000388,-0.000213,-0.000213,-0.010667,-0.010667,0.000233,1
34121.469,34120.0,853,9.7e-05,-5.3e-05,-5.3e-05,-0.002667,-0.002667,5.8e-05,1
34161.284,34160.0,854,2.4e-05,-1.3e-05,-1.3e-05,-0.000667,-0.000667,1.5e-05,1
34200.955,34200.0,855,6e-06,-3e-06,-3e-06,-0.000167,-0.000167,4e-06,1
34241.072,34240.0,856,2e-06,-1e-06,-1e-06,-4.2e-05,-4.2e-05,1e-06,1
34281.463,34280.0,857,0.0,-0.0,-0.0,-1e-05,-1e-05,0.0,1
34321.647,34320.0,858,0.0,-0.0,-0.0,-3e-06,-3e-06,0.0,1
34361.531,34360.0,859,0.0,-0.0,-0.0,-1e-06,-1e-06,0.0,1
34401.363,34400.0,860,0.0,-0.0,-0.0,-0.0,-0.0,0.0,1
34440.846,34440.0,861,0.0,-0.0,-0.0,-0.0,-0.0,0.0,1
34481.78,34480.0,862,0.0,-0.0,-0.0,-0.0,-0.0,0.0,1
34521.646,34520.0,863,0.0,-0.0,-0.0,-0.0,-0.0,0.0,1
34560.731,34560.0,864,0.0,-0.0,-0.0,-0.0,-0.0,0.0,1
34601.097,34600.0,865,0.0,-0.0,-0.0,-0.0,-0.0,0.0,1
34641.386,34640.0,866,0.0,-0.0,-0.0,-0.0,-0.0,0.0,1
