frame_id,time_ms,phrase_idx,syllable_idx,global_syllable_idx,syllable,start_viseme,end_viseme,alpha
3,120,0,0,0,fang,1,1,1.0
4,160,0,0,0,fang,1,1,1.0
5,200,0,0,0,fang,1,1,1.0
6,240,0,0,0,fang,1,1,1.0
7,280,0,0,0,fang,1,7,0.0
8,320,0,0,0,fang,1,7,0.430809
9,360,0,0,0,fang,1,7,0.996374
10,400,0,1,1,zhen,4,4,1.0
11,440,0,1,1,zhen,4,4,1.0
12,480,0,1,1,zhen,4,4,1.0
13,520,0,1,1,zhen,4,4,1.0
14,560,0,1,1,zhen,2,5,0.0
15,600,0,2,2,ji,4,4,1.0
16,640,0,2,2,ji,4,4,1.0
17,680,0,2,2,ji,4,4,1.0
18,720,0,2,2,ji,4,2,0.0
19,760,0,2,2,ji,4,2,0.5
20,800,0,3,3,qi,2,5,0.0
21,840,0,3,3,qi,2,5,0.430809
22,880,0,3,3,qi,2,5,0.996374
23,920,0,3,3,qi,5,5,0.0
24,960,0,3,3,qi,5,5,0.0
25,1000,0,3,3,qi,5,5,1.0
26,1040,0,4,4,ren,2,5,0.0
27,1080,0,4,4,ren,2,5,0.430809
28,1120,0,4,4,ren,2,5,0.996374
29,1160,0,4,4,ren,2,5,1.0
30,1200,0,5,5,you,5,5,1.0
31,1240,0,5,5,you,5,5,0.0
32,1280,0,5,5,you,5,5,1.0
33,1320,0,5,5,you,5,5,0.0
34,1360,0,5,5,you,5,5,1.0
35,1400,0,5,5,you,5,4,0.0
36,1440,0,5,5,you,5,4,0.430809
37,1480,0,5,5,you,5,4,0.996374
38,1520,0,5,5,you,5,4,1.0
39,1560,0,6,6,wang,2,2,1.0
40,1600,0,6,6,wang,2,2,1.0
41,1640,0,6,6,wang,2,2,1.0
42,1680,0,7,7,tong,5,5,1.0
43,1720,0,7,7,tong,5,5,1.0
44,1760,0,7,7,tong,5,5,1.0
45,1800,0,7,7,tong,5,6,0.0
46,1840,0,7,7,tong,5,6,1.0
47,1880,0,8,8,guo,3,3,1.0
48,1920,0,8,8,guo,3,3,1.0
49,1960,0,8,8,guo,3,3,0.0
50,2000,0,8,8,guo,3,7,0.0
51,2040,0,8,8,guo,3,7,0.829493
52,2080,0,8,8,guo,3,7,1.0
53,2120,0,9,9,bi,4,4,1.0
54,2160,0,9,9,bi,4,4,1.0
55,2200,0,9,9,bi,2,3,0.0
56,2240,0,9,9,bi,2,3,0.430809
57,2280,0,9,9,bi,2,3,0.996374
58,2320,0,9,9,bi,2,3,1.0
59,2360,0,10,10,zhen,3,3,1.0
60,2400,0,10,10,zhen,3,3,1.0
61,2440,0,10,10,zhen,3,4,0.0
62,2480,0,10,10,zhen,3,4,0.829493
63,2520,0,10,10,zhen,3,4,1.0
64,2560,0,11,11,de,4,3,0.0
65,2600,0,11,11,de,4,3,1.0
66,2640,0,11,11,de,3,6,0.0
67,2680,0,11,11,de,3,6,1.0
68,2720,0,12,12,mian,6,6,1.0
69,2760,0,12,12,mian,6,6,1.0
70,2800,0,12,12,mian,6,6,1.0
71,2840,0,12,12,mian,6,6,1.0
72,2880,0,12,12,mian,0,5,0.0
73,2920,0,12,12,mian,0,5,0.170507
74,2960,0,12,12,mian,0,5,1.0
75,3000,0,13,13,bu,5,5,1.0
76,3040,0,13,13,bu,5,5,1.0
77,3080,0,13,13,bu,5,5,0.0
78,3120,0,13,13,bu,5,5,1.0
79,3160,0,14,14,biao,2,5,0.0
80,3200,0,14,14,biao,2,5,1.0
81,3240,0,14,14,biao,5,4,0.0
82,3280,0,14,14,biao,5,4,1.0
83,3320,0,15,15,qing,2,2,1.0
84,3360,0,15,15,qing,2,2,1.0
85,3400,0,15,15,qing,2,2,0.0
86,3440,0,15,15,qing,2,2,1.0
87,3480,0,15,15,qing,2,4,0.0
88,3520,0,15,15,qing,2,4,1.0
89,3560,0,16,16,shi,4,4,1.0
90,3600,0,16,16,shi,4,4,1.0
91,3640,0,16,16,shi,4,4,1.0
92,3680,0,16,16,shi,0,5,0.0
93,3720,0,16,16,shi,0,5,0.003626
94,3760,0,16,16,shi,0,5,0.569191
95,3800,0,17,17,xian,7,7,1.0
96,3840,0,17,17,xian,7,7,1.0
97,3880,0,17,17,xian,7,7,1.0
98,3920,0,17,17,xian,7,2,0.0
99,3960,0,17,17,xian,7,2,0.5
100,4000,0,17,17,xian,7,2,1.0
101,4040,0,18,18,zi,3,0,0.0
102,4080,0,18,18,zi,0,3,0.0
103,4120,0,18,18,zi,0,3,1.0
104,4160,0,19,19,ran,3,3,1.0
105,4200,0,19,19,ran,3,3,1.0
106,4240,0,19,19,ran,0,5,0.0
107,4280,0,19,19,ran,0,5,0.170507
108,4320,0,19,19,ran,5,7,0.0
109,4360,0,19,19,ran,5,7,0.829493
110,4400,0,19,19,ran,5,7,1.0
111,4440,0,20,20,de,6,6,1.0
112,4480,0,20,20,de,6,6,1.0
113,4520,0,20,20,de,2,5,0.0
114,4560,0,20,20,de,2,5,0.430809
115,4600,0,20,20,de,2,5,0.996374
116,4640,0,20,20,de,2,5,1.0
117,4680,0,21,21,ren,4,4,1.0
118,4720,0,21,21,ren,4,4,1.0
119,4760,0,21,21,ren,4,4,1.0
120,4800,0,22,22,ji,4,4,1.0
121,4840,0,22,22,ji,4,4,1.0
122,4880,0,22,22,ji,4,4,1.0
123,4920,0,22,22,ji,4,5,0.0
124,4960,0,22,22,ji,4,5,0.134951
125,5000,0,22,22,ji,4,5,0.603313
126,5040,0,22,22,ji,4,5,0.964506
127,5080,0,22,22,ji,4,5,1.0
128,5120,0,23,23,jiao,5,5,1.0
129,5160,0,23,23,jiao,5,5,1.0
130,5200,0,24,24,hu,5,5,1.0
131,5240,0,24,24,hu,5,5,1.0
132,5280,0,24,24,hu,5,2,0.0
133,5320,0,24,24,hu,5,2,0.5
134,5360,0,24,24,hu,2,7,0.0
135,5400,0,24,24,hu,2,7,0.829493
136,5440,0,24,24,hu,7,2,0.0
137,5480,0,24,24,hu,7,2,0.209877
138,5520,0,24,24,hu,7,2,0.790123
139,5560,0,24,24,hu,2,5,0.0
140,5600,0,24,24,hu,2,5,0.829493
141,5640,0,24,24,hu,2,5,1.0
142,5680,0,24,24,hu,5,5,0.0
143,5720,0,24,24,hu,5,5,0.0
144,5760,0,24,24,hu,5,5,1.0
145,5800,0,24,24,hu,5,5,0.0
146,5840,0,24,24,hu,5,5,1.0
147,5880,0,24,24,hu,5,7,0.0
148,5920,0,24,24,hu,5,7,0.829493
149,5960,0,24,24,hu,5,7,1.0
150,6000,1,0,25,ran,2,2,1.0
151,6040,1,0,25,ran,2,2,1.0
152,6080,1,0,25,ran,2,2,0.0
153,6120,1,0,25,ran,2,2,1.0
154,6160,1,0,25,ran,2,4,0.0
155,6200,1,0,25,ran,2,4,0.829493
156,6240,1,0,25,ran,4,4,0.0
157,6280,1,0,25,ran,4,4,0.430809
158,6320,1,0,25,ran,4,4,0.996374
159,6360,1,0,25,ran,4,5,0.0
160,6400,1,0,25,ran,4,5,0.829493
161,6440,1,0,25,ran,4,5,1.0
162,6480,1,0,25,ran,5,4,0.0
163,6520,1,0,25,ran,5,4,0.829493
164,6560,1,0,25,ran,4,2,0.0
165,6600,1,0,25,ran,4,2,0.209877
166,6640,1,0,25,ran,4,2,0.790123
167,6680,1,1,26,er,2,5,0.0
168,6720,1,1,26,er,2,5,0.829493
169,6760,1,1,26,er,2,5,1.0
170,6800,1,1,26,er,5,5,0.0
171,6840,1,1,26,er,5,5,0.0
172,6880,1,1,26,er,5,5,1.0
173,6920,1,1,26,er,2,5,0.0
174,6960,1,1,26,er,2,5,0.829493
175,7000,1,1,26,er,5,7,0.0
176,7040,1,1,26,er,5,7,0.829493
177,7080,2,0,27,you,6,6,1.0
178,7120,2,0,27,you,6,6,1.0
179,7160,2,0,27,you,6,6,1.0
180,7200,2,0,27,you,4,3,0.0
181,7240,2,0,27,you,4,3,0.230872
182,7280,2,0,27,you,4,3,0.829493
183,7320,2,0,27,you,4,3,1.0
184,7360,2,0,27,you,3,3,0.0
185,7400,2,0,27,you,3,3,1.0
186,7440,2,0,27,you,3,3,0.0
187,7480,2,0,27,you,3,3,0.230872
188,7520,2,0,27,you,3,3,0.829493
189,7560,2,0,27,you,3,3,1.0
190,7600,2,1,28,yu,5,5,1.0
191,7640,2,1,28,yu,5,3,0.0
192,7680,2,1,28,yu,5,3,0.829493
193,7720,2,1,28,yu,5,3,1.0
194,7760,2,2,29,mian,0,0,1.0
195,7800,2,2,29,mian,0,0,1.0
196,7840,2,2,29,mian,0,7,0.0
197,7880,2,2,29,mian,0,7,0.170507
198,7920,2,2,29,mian,0,7,1.0
199,7960,2,3,30,bu,0,0,1.0
200,8000,2,3,30,bu,0,0,1.0
201,8040,2,3,30,bu,0,3,0.0
202,8080,2,3,30,bu,0,3,0.170507
203,8120,2,3,30,bu,0,3,1.0
204,8160,2,4,31,sheng,2,2,1.0
205,8200,2,4,31,sheng,2,2,1.0
206,8240,2,4,31,sheng,2,4,0.0
207,8280,2,4,31,sheng,2,4,0.829493
208,8320,2,4,31,sheng,2,4,1.0
209,8360,2,5,32,wu,3,3,1.0
210,8400,2,5,32,wu,3,3,1.0
211,8440,2,5,32,wu,3,3,0.0
212,8480,2,5,32,wu,3,3,0.829493
213,8520,2,5,32,wu,3,3,1.0
214,8560,2,6,33,li,2,2,1.0
215,8600,2,6,33,li,2,2,1.0
216,8640,2,6,33,li,2,5,0.0
217,8680,2,6,33,li,2,5,0.829493
218,8720,2,6,33,li,2,5,1.0
219,8760,2,7,34,xue,5,5,0.0
220,8800,2,7,34,xue,5,5,0.430809
221,8840,2,7,34,xue,5,5,0.996374
222,8880,2,7,34,xue,5,5,1.0
223,8920,2,7,34,xue,5,7,0.0
224,8960,2,7,34,xue,5,7,1.0
225,9000,2,8,35,de,2,2,1.0
226,9040,2,8,35,de,2,2,1.0
227,9080,2,8,35,de,2,2,0.0
228,9120,2,8,35,de,2,2,0.209877
229,9160,2,8,35,de,2,2,0.790123
230,9200,2,9,36,fu,4,4,1.0
231,9240,2,9,36,fu,4,4,1.0
232,9280,2,9,36,fu,4,4,1.0
233,9320,2,9,36,fu,4,4,1.0
234,9360,2,9,36,fu,4,4,1.0
235,9400,2,10,37,za,4,4,1.0
236,9440,2,10,37,za,4,4,1.0
237,9480,2,10,37,za,4,4,1.0
238,9520,2,10,37,za,4,7,1.0
239,9560,2,11,38,xing,5,5,1.0
240,9600,2,11,38,xing,5,5,1.0
241,9640,2,11,38,xing,5,4,0.0
242,9680,2,11,38,xing,5,4,0.829493
243,9720,2,11,38,xing,5,4,1.0
244,9760,2,12,39,yi,5,5,1.0
245,9800,2,12,39,yi,5,5,1.0
246,9840,2,12,39,yi,5,5,0.0
247,9880,2,12,39,yi,5,5,0.829493
248,9920,2,12,39,yi,5,5,1.0
249,9960,2,13,40,ji,5,5,1.0
250,10000,2,13,40,ji,5,5,1.0
251,10040,2,13,40,ji,5,5,0.0
252,10080,2,13,40,ji,5,5,0.430809
253,10120,2,13,40,ji,5,5,0.996374
254,10160,2,14,41,dui,6,6,1.0
255,10200,2,14,41,dui,6,6,1.0
256,10240,2,14,41,dui,6,6,1.0
257,10280,2,14,41,dui,6,3,0.0
258,10320,2,14,41,dui,6,3,1.0
259,10360,2,15,42,xiang,3,3,1.0
260,10400,2,15,42,xiang,3,3,1.0
261,10440,2,15,42,xiang,3,3,1.0
262,10480,2,15,42,xiang,3,4,0.0
263,10520,2,15,42,xiang,3,4,0.829493
264,10560,2,15,42,xiang,3,4,1.0
265,10600,2,16,43,ying,4,4,1.0
266,10640,2,16,43,ying,4,4,1.0
267,10680,2,16,43,ying,5,0,0.0
268,10720,2,16,43,ying,5,0,0.209877
269,10760,2,16,43,ying,5,0,0.790123
270,10800,2,16,43,ying,5,0,1.0
271,10840,2,17,44,shi,7,7,1.0
272,10880,2,17,44,shi,7,7,1.0
273,10920,2,18,45,yun,2,2,1.0
274,10960,2,18,45,yun,2,2,1.0
275,11000,2,18,45,yun,2,2,1.0
276,11040,2,18,45,yun,3,0,0.0
277,11080,2,18,45,yun,3,0,1.0
278,11120,2,19,46,dong,3,3,1.0
279,11160,2,19,46,dong,3,3,0.0
280,11200,2,19,46,dong,3,3,1.0
281,11240,2,20,47,he,5,5,1.0
282,11280,2,20,47,he,5,5,1.0
283,11320,2,20,47,he,5,5,1.0
284,11360,2,20,47,he,5,4,0.0
285,11400,2,20,47,he,5,4,0.829493
286,11440,2,20,47,he,5,4,1.0
287,11480,2,21,48,cheng,4,4,1.0
288,11520,2,21,48,cheng,4,4,1.0
289,11560,2,21,48,cheng,4,3,0.0
290,11600,2,21,48,cheng,4,3,0.829493
291,11640,2,22,49,de,3,3,1.0
292,11680,2,22,49,de,3,3,1.0
293,11720,2,22,49,de,3,3,0.0
294,11760,2,22,49,de,3,3,0.430809
295,11800,2,22,49,de,3,3,0.996374
296,11840,2,22,49,de,3,3,1.0
297,11880,2,23,50,xu,2,5,0.0
298,11920,2,23,50,xu,2,5,0.829493
299,11960,2,24,51,qiu,5,5,1.0
300,12000,2,24,51,qiu,5,5,1.0
301,12040,2,24,51,qiu,5,5,0.0
302,12080,2,24,51,qiu,2,3,0.0
303,12120,2,24,51,qiu,2,3,0.430809
304,12160,2,24,51,qiu,2,3,0.996374
305,12200,2,24,51,qiu,3,4,0.0
306,12240,2,24,51,qiu,3,4,0.829493
307,12280,2,24,51,qiu,4,4,0.0
308,12320,2,24,51,qiu,4,4,0.829493
309,12360,3,0,52,sheng,2,2,1.0
310,12400,3,0,52,sheng,2,2,1.0
311,12440,3,0,52,sheng,2,4,0.0
312,12480,3,0,52,sheng,2,4,0.829493
313,12520,3,0,52,sheng,4,4,0.0
314,12560,3,0,52,sheng,4,4,0.430809
315,12600,3,0,52,sheng,4,4,0.996374
316,12640,3,0,52,sheng,3,1,0.0
317,12680,3,0,52,sheng,3,1,0.103516
318,12720,3,0,52,sheng,3,1,0.5
319,12760,3,0,52,sheng,3,1,0.896484
320,12800,3,1,53,cheng,3,3,1.0
321,12840,3,1,53,cheng,3,3,1.0
322,12880,3,1,53,cheng,3,3,0.0
323,12920,3,1,53,cheng,3,3,0.829493
324,12960,3,1,53,cheng,3,5,0.0
325,13000,3,1,53,cheng,3,5,0.829493
326,13040,3,1,53,cheng,5,7,0.0
327,13080,3,1,53,cheng,5,7,0.430809
328,13120,3,1,53,cheng,5,7,0.996374
329,13160,3,2,54,bi,7,7,1.0
330,13200,3,2,54,bi,7,7,1.0
331,13240,3,2,54,bi,5,2,0.0
332,13280,3,2,54,bi,5,2,0.209877
333,13320,3,2,54,bi,5,2,0.790123
334,13360,3,2,54,bi,5,2,1.0
335,13400,3,3,55,zhen,4,4,1.0
336,13440,3,3,55,zhen,4,4,1.0
337,13480,3,3,55,zhen,4,4,1.0
338,13520,3,3,55,zhen,4,4,0.0
339,13560,3,3,55,zhen,4,4,0.829493
340,13600,3,3,55,zhen,4,4,1.0
341,13640,3,3,55,zhen,4,5,0.0
342,13680,3,3,55,zhen,4,5,0.829493
343,13720,3,4,56,qie,5,5,1.0
344,13760,3,4,56,qie,5,5,1.0
345,13800,3,4,56,qie,5,5,0.0
346,13840,3,4,56,qie,5,5,0.829493
347,13880,3,4,56,qie,2,5,0.0
348,13920,3,4,56,qie,2,5,0.430809
349,13960,3,4,56,qie,2,5,0.996374
350,14000,3,5,57,yu,5,5,1.0
351,14040,3,5,57,yu,5,5,1.0
352,14080,3,5,57,yu,5,5,1.0
353,14120,3,5,57,yu,5,5,0.0
354,14160,3,5,57,yu,5,5,0.829493
355,14200,3,5,57,yu,5,5,1.0
356,14240,3,6,58,yu,3,2,0.0
357,14280,3,6,58,yu,3,2,1.0
358,14320,3,6,58,yu,2,4,0.0
359,14360,3,6,58,yu,2,4,0.829493
360,14400,3,6,58,yu,2,4,1.0
361,14440,3,6,58,yu,4,5,0.0
362,14480,3,6,58,yu,4,5,0.829493
363,14520,3,6,58,yu,4,5,1.0
364,14560,3,7,59,yin,2,5,0.0
365,14600,3,7,59,yin,2,5,0.430809
366,14640,3,7,59,yin,2,5,0.996374
367,14680,3,7,59,yin,5,7,0.0
368,14720,3,7,59,yin,5,7,0.430809
369,14760,3,7,59,yin,5,7,0.996374
370,14800,3,8,60,tong,4,4,1.0
371,14840,3,8,60,tong,4,4,1.0
372,14880,3,8,60,tong,4,4,1.0
373,14920,3,8,60,tong,4,5,0.0
374,14960,3,8,60,tong,4,5,1.0
375,15000,3,8,60,tong,5,4,0.0
376,15040,3,8,60,tong,5,4,1.0
377,15080,3,9,61,bu,4,4,1.0
378,15120,3,9,61,bu,4,4,1.0
379,15160,3,9,61,bu,4,5,0.0
380,15200,3,9,61,bu,4,5,0.430809
381,15240,3,9,61,bu,4,5,0.996374
382,15280,3,9,61,bu,5,5,0.0
383,15320,3,9,61,bu,5,5,0.0
384,15360,3,9,61,bu,5,5,0.829493
385,15400,3,10,62,de,3,3,1.0
386,15440,3,10,62,de,3,3,1.0
387,15480,3,10,62,de,3,3,1.0
388,15520,3,10,62,de,3,4,0.0
389,15560,3,10,62,de,4,2,0.0
390,15600,3,10,62,de,4,2,0.209877
391,15640,3,10,62,de,4,2,0.790123
392,15680,3,11,63,ji,3,2,0.0
393,15720,3,11,63,ji,3,2,1.0
394,15760,3,11,63,ji,2,3,0.0
395,15800,3,11,63,ji,2,3,0.829493
396,15840,3,11,63,ji,2,3,1.0
397,15880,3,11,63,ji,3,4,0.0
398,15920,3,11,63,ji,3,4,0.829493
399,15960,3,11,63,ji,3,4,1.0
400,16000,3,12,64,qi,4,4,1.0
401,16040,3,12,64,qi,4,4,1.0
402,16080,3,12,64,qi,4,4,1.0
403,16120,3,12,64,qi,4,4,1.0
404,16160,3,12,64,qi,4,4,0.0
405,16200,3,12,64,qi,4,4,1.0
406,16240,3,13,65,ren,4,4,1.0
407,16280,3,13,65,ren,4,4,1.0
408,16320,3,13,65,ren,2,5,0.0
409,16360,3,13,65,ren,2,5,0.829493
410,16400,3,13,65,ren,2,5,1.0
411,16440,3,13,65,ren,5,4,0.0
412,16480,3,13,65,ren,5,4,0.829493
413,16520,3,14,66,biao,4,4,1.0
414,16560,3,14,66,biao,4,4,1.0
415,16600,3,14,66,biao,4,2,0.0
416,16640,3,14,66,biao,2,4,0.0
417,16680,3,14,66,biao,2,4,1.0
418,16720,3,14,66,biao,4,4,0.0
419,16760,3,14,66,biao,3,2,0.0
420,16800,3,14,66,biao,3,2,0.103516
421,16840,3,14,66,biao,3,2,0.5
422,16880,3,14,66,biao,3,2,0.896484
423,16920,3,14,66,biao,3,2,1.0
424,16960,3,15,67,qing,4,4,1.0
425,17000,3,15,67,qing,4,4,0.0
426,17040,3,15,67,qing,4,4,1.0
427,17080,3,15,67,qing,5,2,0.0
428,17120,3,15,67,qing,5,2,0.209877
429,17160,3,15,67,qing,5,2,0.790123
430,17200,3,15,67,qing,5,2,1.0
431,17240,3,16,68,mian,6,6,1.0
432,17280,3,16,68,mian,6,6,1.0
433,17320,3,16,68,mian,6,6,1.0
434,17360,3,16,68,mian,6,6,1.0
435,17400,3,16,68,mian,6,3,0.0
436,17440,3,16,68,mian,6,3,0.230872
437,17480,3,16,68,mian,6,3,0.829493
438,17520,3,16,68,mian,6,3,1.0
439,17560,3,17,69,lin,2,2,1.0
440,17600,3,17,69,lin,2,2,1.0
441,17640,3,17,69,lin,2,2,1.0
442,17680,3,17,69,lin,2,2,1.0
443,17720,3,17,69,lin,2,2,1.0
444,17760,3,18,70,zhe,2,2,1.0
445,17800,3,18,70,zhe,2,2,1.0
446,17840,3,18,70,zhe,2,4,0.0
447,17880,3,18,70,zhe,2,4,0.230872
448,17920,3,18,70,zhe,2,4,0.829493
449,17960,3,18,70,zhe,2,4,1.0
450,18000,3,18,70,zhe,2,4,1.0
451,18040,3,19,71,ju,5,5,1.0
452,18080,3,19,71,ju,5,5,1.0
453,18120,3,19,71,ju,5,5,0.0
454,18160,3,19,71,ju,5,5,0.430809
455,18200,3,19,71,ju,5,5,0.996374
456,18240,3,19,71,ju,5,5,1.0
457,18280,3,20,72,da,4,4,1.0
458,18320,3,20,72,da,4,4,1.0
459,18360,3,20,72,da,4,4,0.0
460,18400,3,20,72,da,4,4,0.829493
461,18440,3,20,72,da,4,4,1.0
462,18480,3,20,72,da,2,5,0.0
463,18520,3,20,72,da,2,5,0.829493
464,18560,3,20,72,da,2,5,1.0
465,18600,3,21,73,de,4,4,1.0
466,18640,3,21,73,de,4,4,1.0
467,18680,3,21,73,de,4,4,1.0
468,18720,3,21,73,de,4,4,0.0
469,18760,3,21,73,de,4,4,0.430809
470,18800,3,21,73,de,4,4,0.996374
471,18840,3,21,73,de,4,4,1.0
472,18880,3,22,74,tiao,5,0,0.0
473,18920,3,22,74,tiao,5,0,0.5
474,18960,3,22,74,tiao,5,0,1.0
475,19000,3,22,74,tiao,0,5,0.0
476,19040,3,22,74,tiao,0,5,1.0
477,19080,3,22,74,tiao,5,5,0.0
478,19120,3,23,75,zhan,2,5,0.0
479,19160,3,23,75,zhan,2,5,0.829493
480,19200,3,23,75,zhan,5,4,0.0
481,19240,3,23,75,zhan,5,4,0.829493
482,19280,3,23,75,zhan,4,2,0.0
483,19320,3,23,75,zhan,4,2,0.5
484,19360,3,23,75,zhan,4,2,1.0
485,19400,3,23,75,zhan,5,2,0.0
486,19440,3,23,75,zhan,5,2,0.209877
487,19480,3,23,75,zhan,5,2,0.790123
488,19520,3,23,75,zhan,5,2,1.0
489,19560,3,23,75,zhan,2,4,0.0
490,19600,3,23,75,zhan,2,4,1.0
491,19640,4,0,76,ben,4,4,1.0
492,19680,4,0,76,ben,4,4,1.0
493,19720,4,0,76,ben,4,3,0.0
494,19760,4,0,76,ben,4,3,1.0
495,19800,4,0,76,ben,3,4,0.0
496,19840,4,0,76,ben,4,4,0.0
497,19880,4,0,76,ben,4,4,0.829493
498,19920,4,0,76,ben,4,3,0.0
499,19960,4,0,76,ben,4,3,0.829493
500,20000,4,0,76,ben,4,3,1.0
501,20040,4,0,76,ben,3,4,0.0
502,20080,4,0,76,ben,4,4,0.0
503,20120,4,0,76,ben,4,4,1.0
504,20160,4,1,77,wen,5,5,1.0
505,20200,4,1,77,wen,5,5,1.0
506,20240,4,1,77,wen,5,5,0.0
507,20280,4,1,77,wen,5,5,0.430809
508,20320,4,1,77,wen,5,5,0.996374
509,20360,4,1,77,wen,5,5,1.0
510,20400,4,2,78,ti,2,2,1.0
511,20440,4,2,78,ti,2,2,1.0
512,20480,4,2,78,ti,2,2,1.0
513,20520,4,2,78,ti,3,2,0.0
514,20560,4,2,78,ti,3,2,0.209877
515,20600,4,2,78,ti,3,2,0.790123
516,20640,4,2,78,ti,3,2,1.0
517,20680,4,3,79,chu,3,3,1.0
518,20720,4,3,79,chu,3,3,1.0
519,20760,4,3,79,chu,3,4,0.0
520,20800,4,3,79,chu,3,4,0.430809
521,20840,4,3,79,chu,3,4,0.996374
522,20880,4,4,80,le,0,3,0.0
523,20920,4,4,80,le,0,3,1.0
524,20960,4,4,80,le,3,3,0.0
525,21000,4,4,80,le,3,3,0.0
526,21040,4,4,80,le,3,3,0.829493
527,21080,4,4,80,le,3,2,0.0
528,21120,4,4,80,le,3,2,1.0
529,21160,4,5,81,yi,4,4,1.0
530,21200,4,5,81,yi,4,4,1.0
531,21240,4,5,81,yi,4,4,0.0
532,21280,4,5,81,yi,4,4,0.430809
533,21320,4,5,81,yi,4,4,0.996374
534,21360,4,5,81,yi,2,5,0.0
535,21400,4,5,81,yi,2,5,0.430809
536,21440,4,5,81,yi,2,5,0.996374
537,21480,4,5,81,yi,2,5,1.0
538,21520,4,6,82,zhong,5,5,1.0
539,21560,4,6,82,zhong,5,5,0.0
540,21600,4,6,82,zhong,5,5,1.0
541,21640,4,6,82,zhong,5,2,0.0
542,21680,4,6,82,zhong,5,2,0.209877
543,21720,4,6,82,zhong,5,2,0.790123
544,21760,4,7,83,yi,5,5,1.0
545,21800,4,7,83,yi,5,5,1.0
546,21840,4,7,83,yi,5,5,0.0
547,21880,4,7,83,yi,5,5,1.0
548,21920,4,8,84,meng,5,5,1.0
549,21960,4,8,84,meng,5,4,0.0
550,22000,4,8,84,meng,5,4,0.829493
551,22040,4,8,84,meng,5,4,1.0
552,22080,4,8,84,meng,4,2,0.0
553,22120,4,8,84,meng,4,2,0.5
554,22160,4,8,84,meng,0,5,0.0
555,22200,4,8,84,meng,0,5,1.0
556,22240,4,9,85,pi,7,7,1.0
557,22280,4,9,85,pi,7,7,1.0
558,22320,4,9,85,pi,7,6,0.0
559,22360,4,9,85,pi,7,6,0.829493
560,22400,4,9,85,pi,7,6,1.0
561,22440,4,10,86,wei,2,5,0.0
562,22480,4,10,86,wei,2,5,0.430809
563,22520,4,10,86,wei,2,5,0.996374
564,22560,4,10,86,wei,2,5,1.0
565,22600,4,10,86,wei,5,4,0.0
566,22640,4,10,86,wei,5,4,0.430809
567,22680,4,10,86,wei,5,4,0.996374
568,22720,4,11,87,zhong,4,4,1.0
569,22760,4,11,87,zhong,4,4,1.0
570,22800,4,11,87,zhong,4,4,1.0
571,22840,4,11,87,zhong,0,5,0.0
572,22880,4,11,87,zhong,0,5,0.170507
573,22920,4,11,87,zhong,0,5,1.0
574,22960,4,11,87,zhong,5,7,0.0
575,23000,4,11,87,zhong,5,7,0.829493
576,23040,4,12,88,xin,2,2,1.0
577,23080,4,12,88,xin,2,2,1.0
578,23120,4,12,88,xin,2,2,1.0
579,23160,4,12,88,xin,2,5,0.0
580,23200,4,12,88,xin,5,5,0.0
581,23240,4,12,88,xin,5,5,0.829493
582,23280,4,12,88,xin,5,5,1.0
583,23320,4,13,89,de,2,2,1.0
584,23360,4,13,89,de,2,2,1.0
585,23400,4,13,89,de,2,5,0.0
586,23440,4,13,89,de,2,5,0.829493
587,23480,4,14,90,xin,4,4,1.0
588,23520,4,14,90,xin,4,4,1.0
589,23560,4,14,90,xin,4,4,1.0
590,23600,4,14,90,xin,4,4,0.0
591,23640,4,14,90,xin,4,4,0.829493
592,23680,4,14,90,xin,4,4,1.0
593,23720,4,15,91,fang,2,3,0.0
594,23760,4,15,91,fang,2,3,0.829493
595,23800,4,15,91,fang,2,3,1.0
596,23840,4,15,91,fang,3,4,0.0
597,23880,4,15,91,fang,3,4,1.0
598,23920,4,15,91,fang,4,4,0.0
599,23960,4,15,91,fang,4,4,1.0
600,24000,4,15,91,fang,4,2,1.0
601,24040,4,16,92,fa,7,7,1.0
602,24080,4,16,92,fa,7,7,1.0
603,24120,4,16,92,fa,7,7,1.0
604,24160,4,16,92,fa,7,7,0.0
605,24200,4,16,92,fa,7,7,1.0
606,24240,4,16,92,fa,7,2,1.0
607,24280,4,16,92,fa,2,4,0.0
608,24320,4,16,92,fa,4,4,0.0
609,24360,4,16,92,fa,4,4,1.0
610,24400,4,16,92,fa,2,5,0.0
611,24440,4,16,92,fa,2,5,0.829493
612,24480,4,16,92,fa,2,5,1.0
613,24520,5,0,93,li,7,7,1.0
614,24560,5,0,93,li,7,7,1.0
615,24600,5,0,93,li,7,6,0.0
616,24640,5,0,93,li,7,6,0.829493
617,24680,5,0,93,li,7,6,1.0
618,24720,5,0,93,li,2,5,0.0
619,24760,5,0,93,li,2,5,0.829493
620,24800,5,1,94,yong,7,7,1.0
621,24840,5,1,94,yong,7,7,1.0
622,24880,5,1,94,yong,7,7,1.0
623,24920,5,1,94,yong,7,2,0.0
624,24960,5,1,94,yong,7,2,0.103516
625,25000,5,1,94,yong,7,2,0.5
626,25040,5,1,94,yong,7,2,0.896484
627,25080,5,2,95,yu,5,5,1.0
628,25120,5,2,95,yu,5,3,0.0
629,25160,5,2,95,yu,5,3,0.829493
630,25200,5,2,95,yu,5,3,1.0
631,25240,5,3,96,yin,5,5,1.0
632,25280,5,3,96,yin,5,5,1.0
633,25320,5,3,96,yin,5,5,0.0
634,25360,5,3,96,yin,5,5,0.829493
635,25400,5,3,96,yin,5,5,1.0
636,25440,5,4,97,shu,2,2,1.0
637,25480,5,4,97,shu,2,2,1.0
638,25520,5,4,97,shu,2,3,0.0
639,25560,5,4,97,shu,2,3,0.829493
640,25600,5,4,97,shu,2,3,1.0
641,25640,5,5,98,ru,2,2,1.0
642,25680,5,5,98,ru,2,2,1.0
643,25720,5,5,98,ru,2,3,0.0
644,25760,5,5,98,ru,2,3,0.829493
645,25800,5,5,98,ru,2,3,1.0
646,25840,5,6,99,qu,5,5,1.0
647,25880,5,6,99,qu,5,5,1.0
648,25920,5,6,99,qu,5,3,0.0
649,25960,5,6,99,qu,5,3,0.829493
650,26000,5,6,99,qu,5,3,1.0
651,26040,5,7,100,dong,2,2,1.0
652,26080,5,7,100,dong,2,2,1.0
653,26120,5,7,100,dong,6,6,0.0
654,26160,5,7,100,dong,6,6,0.430809
655,26200,5,7,100,dong,6,6,0.996374
656,26240,5,7,100,dong,6,6,1.0
657,26280,5,8,101,fang,0,0,1.0
658,26320,5,8,101,fang,0,0,1.0
659,26360,5,8,101,fang,0,4,0.0
660,26400,5,8,101,fang,0,4,0.170507
661,26440,5,8,101,fang,0,4,1.0
662,26480,5,8,101,fang,4,2,0.0
663,26520,5,8,101,fang,4,2,0.5
664,26560,5,9,102,zhen,3,3,1.0
665,26600,5,9,102,zhen,3,3,1.0
666,26640,5,9,102,zhen,3,4,0.0
667,26680,5,9,102,zhen,3,4,0.430809
668,26720,5,9,102,zhen,3,4,0.996374
669,26760,5,9,102,zhen,3,4,1.0
670,26800,5,10,103,ji,2,2,1.0
671,26840,5,10,103,ji,2,2,1.0
672,26880,5,10,103,ji,2,2,1.0
673,26920,5,10,103,ji,2,5,0.0
674,26960,5,10,103,ji,2,5,0.430809
675,27000,5,10,103,ji,2,5,0.996374
676,27040,5,10,103,ji,2,5,1.0
677,27080,5,11,104,qi,5,5,1.0
678,27120,5,11,104,qi,5,5,0.0
679,27160,5,11,104,qi,5,5,0.829493
680,27200,5,12,105,ren,2,5,0.0
681,27240,5,12,105,ren,2,5,0.430809
682,27280,5,12,105,ren,2,5,0.996374
683,27320,5,12,105,ren,5,3,0.0
684,27360,5,12,105,ren,5,3,1.0
685,27400,5,13,106,de,3,3,1.0
686,27440,5,13,106,de,3,3,1.0
687,27480,5,13,106,de,3,2,0.0
688,27520,5,13,106,de,2,4,0.0
689,27560,5,13,106,de,2,4,1.0
690,27600,5,13,106,de,4,4,0.0
691,27640,5,14,107,mian,5,5,1.0
692,27680,5,14,107,mian,5,5,1.0
693,27720,5,14,107,mian,5,5,1.0
694,27760,5,14,107,mian,5,5,0.0
695,27800,5,14,107,mian,5,5,0.0
696,27840,5,14,107,mian,5,5,0.829493
697,27880,5,15,108,bu,5,3,0.0
698,27920,5,15,108,bu,5,3,0.829493
699,27960,5,15,108,bu,3,3,0.0
700,28000,5,15,108,bu,3,3,0.430809
701,28040,5,15,108,bu,3,3,0.996374
702,28080,5,15,108,bu,3,3,1.0
703,28120,5,16,109,biao,4,4,1.0
704,28160,5,16,109,biao,4,4,1.0
705,28200,5,16,109,biao,4,4,1.0
706,28240,5,16,109,biao,4,5,0.0
707,28280,5,16,109,biao,4,5,0.829493
708,28320,5,16,109,biao,4,5,1.0
709,28360,5,17,110,qing,5,5,1.0
710,28400,5,17,110,qing,5,5,1.0
711,28440,5,17,110,qing,5,5,0.0
712,28480,5,17,110,qing,5,0,0.0
713,28520,5,17,110,qing,5,0,0.5
714,28560,5,17,110,qing,5,0,1.0
715,28600,5,17,110,qing,0,4,0.0
716,28640,5,17,110,qing,0,4,0.170507
717,28680,6,0,111,gai,4,4,1.0
718,28720,6,0,111,gai,4,4,1.0
719,28760,6,0,111,gai,4,4,1.0
720,28800,6,0,111,gai,0,5,0.0
721,28840,6,0,111,gai,0,5,0.003626
722,28880,6,0,111,gai,0,5,0.569191
723,28920,6,0,111,gai,5,5,0.0
724,28960,6,0,111,gai,5,5,0.430809
725,29000,6,0,111,gai,5,5,0.996374
726,29040,6,1,112,fang,5,5,1.0
727,29080,6,1,112,fang,5,5,1.0
728,29120,6,1,112,fang,5,5,1.0
729,29160,6,1,112,fang,5,3,0.0
730,29200,6,1,112,fang,5,3,0.829493
731,29240,6,1,112,fang,5,3,1.0
732,29280,6,1,112,fang,3,4,0.0
733,29320,6,1,112,fang,3,4,0.829493
734,29360,6,2,113,fa,5,5,1.0
735,29400,6,2,113,fa,5,5,1.0
736,29440,6,2,113,fa,2,5,0.0
737,29480,6,2,113,fa,2,5,0.829493
738,29520,6,2,113,fa,2,5,1.0
739,29560,6,2,113,fa,5,3,0.0
740,29600,6,2,113,fa,5,3,1.0
741,29640,6,3,114,de,4,4,1.0
742,29680,6,3,114,de,4,4,1.0
743,29720,6,3,114,de,5,2,0.0
744,29760,6,3,114,de,5,2,0.209877
745,29800,6,3,114,de,5,2,0.790123
746,29840,6,3,114,de,5,2,1.0
747,29880,6,4,115,he,5,5,1.0
748,29920,6,4,115,he,5,5,1.0
749,29960,6,4,115,he,5,2,0.0
750,30000,6,4,115,he,5,2,0.5
751,30040,6,4,115,he,2,2,0.0
752,30080,6,4,115,he,2,2,1.0
753,30120,6,5,116,xin,4,4,1.0
754,30160,6,5,116,xin,4,4,1.0
755,30200,6,5,116,xin,4,4,0.0
756,30240,6,5,116,xin,4,4,0.829493
757,30280,6,5,116,xin,4,4,1.0
758,30320,6,5,116,xin,2,5,0.0
759,30360,6,5,116,xin,2,5,0.230872
760,30400,6,5,116,xin,2,5,0.829493
761,30440,6,5,116,xin,2,5,1.0
762,30480,6,6,117,shi,5,5,1.0
763,30520,6,6,117,shi,5,5,1.0
764,30560,6,6,117,shi,5,2,0.0
765,30600,6,6,117,shi,5,2,0.209877
766,30640,6,6,117,shi,5,2,0.790123
767,30680,6,7,118,cai,1,1,1.0
768,30720,6,7,118,cai,1,1,1.0
769,30760,6,7,118,cai,1,7,0.0
770,30800,6,7,118,cai,1,7,0.829493
771,30840,6,7,118,cai,1,7,1.0
772,30880,6,8,119,yong,4,4,1.0
773,30920,6,8,119,yong,4,4,1.0
774,30960,6,8,119,yong,4,1,0.0
775,31000,6,8,119,yong,4,1,0.5
776,31040,6,8,119,yong,4,1,1.0
777,31080,6,8,119,yong,1,7,0.0
778,31120,6,8,119,yong,1,7,0.829493
779,31160,6,8,119,yong,1,7,1.0
780,31200,6,9,120,xian,7,7,1.0
781,31240,6,9,120,xian,7,7,1.0
782,31280,6,9,120,xian,7,7,1.0
783,31320,6,9,120,xian,7,7,1.0
784,31360,6,9,120,xian,7,7,1.0
785,31400,6,10,121,xing,5,5,1.0
786,31440,6,10,121,xing,5,5,1.0
787,31480,6,10,121,xing,5,4,0.0
788,31520,6,10,121,xing,5,4,0.430809
789,31560,6,10,121,xing,5,4,0.996374
790,31600,6,10,121,xing,5,4,1.0
791,31640,6,11,122,hun,4,4,1.0
792,31680,6,11,122,hun,4,4,1.0
793,31720,6,11,122,hun,4,3,0.0
794,31760,6,11,122,hun,4,3,0.430809
795,31800,6,11,122,hun,4,3,0.996374
796,31840,6,11,122,hun,4,3,1.0
797,31880,6,12,123,he,4,4,1.0
798,31920,6,12,123,he,2,5,0.0
799,31960,6,12,123,he,2,5,0.829493
800,32000,6,12,123,he,2,5,1.0
801,32040,6,12,123,he,5,5,0.0
802,32080,6,12,123,he,5,5,1.0
803,32120,6,13,124,meng,5,5,1.0
804,32160,6,13,124,meng,5,5,1.0
805,32200,6,13,124,meng,5,5,0.0
806,32240,6,13,124,meng,5,3,0.0
807,32280,6,13,124,meng,5,3,0.829493
808,32320,6,13,124,meng,3,4,0.0
809,32360,6,13,124,meng,3,4,0.829493
810,32400,6,14,125,pi,3,3,1.0
811,32440,6,14,125,pi,3,3,1.0
812,32480,6,14,125,pi,3,3,1.0
813,32520,6,14,125,pi,3,4,0.0
814,32560,6,14,125,pi,4,4,0.0
815,32600,6,14,125,pi,4,4,1.0
816,32640,6,15,126,zuo,5,5,1.0
817,32680,6,15,126,zuo,5,5,1.0
818,32720,6,15,126,zuo,5,5,1.0
819,32760,6,15,126,zuo,5,5,0.0
820,32800,6,15,126,zuo,5,5,0.829493
821,32840,6,15,126,zuo,5,5,1.0
822,32880,6,16,127,wei,2,2,1.0
823,32920,6,16,127,wei,2,2,1.0
824,32960,6,16,127,wei,2,2,1.0
825,33000,6,16,127,wei,5,3,0.0
826,33040,6,16,127,wei,5,3,0.230872
827,33080,6,16,127,wei,5,3,0.829493
828,33120,6,16,127,wei,5,3,1.0
829,33160,6,17,128,tong,3,3,1.0
830,33200,6,17,128,tong,3,3,1.0
831,33240,6,17,128,tong,3,3,0.0
832,33280,6,17,128,tong,3,3,0.829493
833,33320,6,17,128,tong,5,3,0.0
834,33360,6,17,128,tong,5,3,0.829493
835,33400,6,17,128,tong,5,3,1.0
836,33440,6,18,129,yi,3,3,1.0
837,33480,6,18,129,yi,3,3,1.0
838,33520,6,18,129,yi,3,3,0.0
839,33560,6,18,129,yi,3,3,0.430809
840,33600,6,18,129,yi,3,3,0.996374
841,33640,6,19,130,de,2,3,0.0
842,33680,6,19,130,de,2,3,0.230872
843,33720,6,19,130,de,2,3,0.829493
844,33760,6,19,130,de,2,3,1.0
845,33800,6,19,130,de,2,3,1.0
846,33840,6,19,130,de,3,4,0.0
847,33880,6,20,131,biao,4,4,1.0
848,33920,6,20,131,biao,4,4,1.0
849,33960,6,20,131,biao,2,3,0.0
850,34000,6,20,131,biao,2,3,0.829493
851,34040,6,20,131,biao,3,3,0.0
852,34080,6,20,131,biao,3,3,0.829493
853,34120,6,20,131,biao,3,3,1.0
854,34160,6,21,132,shi,4,4,1.0
855,34200,6,21,132,shi,4,4,1.0
856,34240,6,21,132,shi,4,1,0.0
857,34280,6,21,132,shi,4,1,0.5
858,34320,6,21,132,shi,4,1,1.0
859,34360,6,22,133,fang,7,7,1.0
860,34400,6,22,133,fang,7,7,1.0
861,34440,6,22,133,fang,7,7,1.0
862,34480,6,22,133,fang,7,4,0.0
863,34520,6,22,133,fang,7,4,0.829493
864,34560,6,22,133,fang,7,4,1.0
865,34600,6,22,133,fang,2,5,0.0
866,34640,6,22,133,fang,5,4,0.0
867,34680,6,22,133,fang,5,4,0.430809
868,34720,6,22,133,fang,5,4,0.996374
869,34760,6,22,133,fang,5,4,1.0
870,34800,6,23,134,fa,2,2,1.0
871,34840,6,23,134,fa,2,2,1.0
872,34880,6,23,134,fa,2,2,1.0
873,34920,6,23,134,fa,2,5,0.0
874,34960,6,23,134,fa,2,5,0.430809
875,35000,6,23,134,fa,2,5,0.996374
876,35040,6,23,134,fa,5,5,0.0
877,35080,6,23,134,fa,5,5,1.0
878,35120,6,23,134,fa,5,5,0.0
879,35160,6,23,134,fa,2,5,0.0
880,35200,6,23,134,fa,2,5,0.430809
881,35240,6,23,134,fa,2,5,0.996374
882,35280,6,23,134,fa,2,5,1.0
883,35320,7,0,135,cong,5,5,1.0
884,35360,7,0,135,cong,5,5,0.0
885,35400,7,0,135,cong,5,5,0.829493
886,35440,7,0,135,cong,5,5,0.0
887,35480,7,0,135,cong,5,5,1.0
888,35520,7,0,135,cong,5,4,0.0
889,35560,7,0,135,cong,5,4,0.829493
890,35600,7,0,135,cong,4,2,0.0
891,35640,7,0,135,cong,4,2,0.5
892,35680,7,0,135,cong,2,2,0.0
893,35720,7,0,135,cong,2,2,1.0
894,35760,7,1,136,er,4,4,1.0
895,35800,7,1,136,er,4,4,1.0
896,35840,7,2,137,zhi,4,4,1.0
897,35880,7,2,137,zhi,4,4,1.0
898,35920,7,2,137,zhi,4,4,1.0
899,35960,7,2,137,zhi,0,5,0.0
900,36000,7,2,137,zhi,0,5,0.003626
901,36040,7,2,137,zhi,0,5,0.569191
902,36080,7,2,137,zhi,0,5,1.0
903,36120,7,3,138,dao,7,7,1.0
904,36160,7,3,138,dao,7,7,1.0
905,36200,7,3,138,dao,7,2,0.0
906,36240,7,3,138,dao,7,2,0.209877
907,36280,7,3,138,dao,7,2,0.790123
908,36320,7,4,139,shi,0,3,0.0
909,36360,7,4,139,shi,0,3,1.0
910,36400,7,4,139,shi,3,3,0.0
911,36440,7,5,140,ti,3,3,1.0
912,36480,7,5,140,ti,3,3,1.0
913,36520,7,5,140,ti,0,5,0.0
914,36560,7,5,140,ti,0,5,0.170507
915,36600,7,5,140,ti,0,5,1.0
916,36640,7,6,141,she,7,7,1.0
917,36680,7,6,141,she,7,7,1.0
918,36720,7,6,141,she,7,6,0.0
919,36760,7,6,141,she,7,6,0.829493
920,36800,7,6,141,she,7,6,1.0
921,36840,7,7,142,ji,2,5,0.0
922,36880,7,7,142,ji,2,5,0.430809
923,36920,7,7,142,ji,2,5,0.996374
924,36960,7,7,142,ji,2,5,1.0
925,37000,7,7,142,ji,5,4,0.0
926,37040,7,7,142,ji,5,4,0.230872
927,37080,7,7,142,ji,5,4,0.829493
928,37120,7,7,142,ji,5,4,1.0
929,37160,7,8,143,he,4,4,1.0
930,37200,7,8,143,he,4,4,1.0
931,37240,7,8,143,he,4,4,1.0
932,37280,7,8,143,he,4,4,1.0
933,37320,7,9,144,yun,3,3,1.0
934,37360,7,9,144,yun,3,3,1.0
935,37400,7,9,144,yun,3,3,1.0
936,37440,7,10,145,dong,2,2,1.0
937,37480,7,10,145,dong,2,2,1.0
938,37520,7,10,145,dong,2,6,0.0
939,37560,7,10,145,dong,2,6,0.829493
940,37600,7,10,145,dong,2,6,1.0
941,37640,7,11,146,he,4,4,1.0
942,37680,7,11,146,he,4,4,1.0
943,37720,7,11,146,he,4,4,0.0
944,37760,7,11,146,he,4,4,0.829493
945,37800,7,11,146,he,4,4,1.0
946,37840,7,12,147,cheng,2,2,1.0
947,37880,7,12,147,cheng,2,2,1.0
948,37920,7,12,147,cheng,2,4,0.0
949,37960,7,12,147,cheng,2,4,0.829493
950,38000,7,12,147,cheng,2,4,1.0
951,38040,7,13,148,fang,1,1,1.0
952,38080,7,13,148,fang,1,1,1.0
953,38120,7,13,148,fang,1,7,0.0
954,38160,7,13,148,fang,1,7,0.430809
955,38200,7,13,148,fang,1,7,0.996374
956,38240,7,13,148,fang,1,7,1.0
957,38280,7,14,149,mian,0,0,1.0
958,38320,7,14,149,mian,0,0,1.0
959,38360,7,14,149,mian,0,7,0.0
960,38400,7,14,149,mian,0,7,0.003626
961,38440,7,14,149,mian,0,7,0.569191
962,38480,7,14,149,mian,7,4,0.0
963,38520,7,14,149,mian,7,4,0.829493
964,38560,7,14,149,mian,7,4,1.0
965,38600,7,15,150,de,7,7,1.0
966,38640,7,15,150,de,7,7,1.0
967,38680,7,15,150,de,7,4,0.0
968,38720,7,15,150,de,7,4,1.0
969,38760,7,16,151,chuang,1,1,1.0
970,38800,7,16,151,chuang,1,1,1.0
971,38840,7,16,151,chuang,1,1,1.0
972,38880,7,16,151,chuang,1,7,0.0
973,38920,7,16,151,chuang,1,7,1.0
974,38960,7,17,152,xin,4,4,1.0
975,39000,7,17,152,xin,4,4,1.0
976,39040,7,17,152,xin,4,4,1.0
977,39080,7,17,152,xin,4,1,0.0
978,39120,7,17,152,xin,4,1,1.0
979,39160,7,17,152,xin,1,7,0.0
980,39200,7,17,152,xin,1,7,0.829493
981,39240,7,17,152,xin,7,7,0.0
982,39280,7,17,152,xin,7,7,0.829493
983,39320,7,17,152,xin,7,2,0.0
984,39360,7,17,152,xin,7,2,1.0
985,39400,7,17,152,xin,2,4,0.0
986,39440,7,17,152,xin,4,4,0.0
987,39480,7,17,152,xin,4,4,0.0
988,39520,7,17,152,xin,4,4,0.430809
989,39560,7,17,152,xin,4,4,0.996374
990,39600,7,17,152,xin,4,4,1.0
991,39640,7,17,152,xin,4,4,0.0
992,39680,7,17,152,xin,4,4,0.829493
993,39720,8,0,153,neng,4,4,1.0
994,39760,8,0,153,neng,4,4,1.0
995,39800,8,0,153,neng,2,5,0.0
996,39840,8,0,153,neng,2,5,0.230872
997,39880,8,0,153,neng,2,5,0.829493
998,39920,8,0,153,neng,2,5,1.0
999,39960,8,0,153,neng,5,5,0.0
1000,40000,8,0,153,neng,5,5,0.230872
1001,40040,8,0,153,neng,5,5,0.829493
1002,40080,8,0,153,neng,5,5,1.0
1003,40120,8,0,153,neng,5,2,0.0
1004,40160,8,0,153,neng,5,2,0.209877
1005,40200,8,0,153,neng,5,2,0.790123
1006,40240,8,0,153,neng,5,2,1.0
1007,40280,8,0,153,neng,2,5,0.0
1008,40320,8,0,153,neng,2,5,0.430809
1009,40360,8,0,153,neng,2,5,0.996374
1010,40400,8,0,153,neng,2,5,1.0
1011,40440,8,0,153,neng,5,5,0.0
1012,40480,8,0,153,neng,5,5,0.0
1013,40520,8,0,153,neng,5,5,0.829493
1014,40560,8,0,153,neng,5,5,1.0
1015,40600,8,0,153,neng,5,5,0.0
1016,40640,8,0,153,neng,5,5,0.430809
1017,40680,8,0,153,neng,5,5,0.996374
1018,40720,8,1,154,gou,7,7,1.0
1019,40760,8,1,154,gou,7,7,1.0
1020,40800,8,1,154,gou,7,7,1.0
1021,40840,8,1,154,gou,7,4,0.0
1022,40880,8,1,154,gou,7,4,0.829493
1023,40920,8,2,155,zhi,5,5,1.0
1024,40960,8,2,155,zhi,5,5,1.0
1025,41000,8,2,155,zhi,5,5,1.0
1026,41040,8,2,155,zhi,5,3,0.0
1027,41080,8,2,155,zhi,5,3,0.829493
1028,41120,8,2,155,zhi,3,4,0.0
1029,41160,8,2,155,zhi,3,4,0.430809
1030,41200,8,2,155,zhi,3,4,0.996374
1031,41240,8,3,156,dao,2,5,0.0
1032,41280,8,3,156,dao,2,5,0.230872
1033,41320,8,3,156,dao,2,5,0.829493
1034,41360,8,3,156,dao,2,5,1.0
1035,41400,8,3,156,dao,5,7,0.0
1036,41440,8,3,156,dao,5,7,0.829493
1037,41480,8,3,156,dao,5,7,1.0
1038,41520,8,4,157,qu,2,2,1.0
1039,41560,8,4,157,qu,2,2,1.0
1040,41600,8,4,157,qu,2,5,0.0
1041,41640,8,4,157,qu,2,5,0.430809
1042,41680,8,4,157,qu,2,5,0.996374
1043,41720,8,4,157,qu,2,5,1.0
1044,41760,8,5,158,dong,4,4,1.0
1045,41800,8,5,158,dong,4,4,1.0
1046,41840,8,5,158,dong,4,4,1.0
1047,41880,8,5,158,dong,4,4,0.0
1048,41920,8,5,158,dong,4,4,0.829493
1049,41960,8,5,158,dong,4,4,1.0
1050,42000,8,5,158,dong,4,3,0.0
1051,42040,8,5,158,dong,4,3,0.430809
1052,42080,8,5,158,dong,4,3,0.996374
1053,42120,8,6,159,tuo,4,4,1.0
1054,42160,8,6,159,tuo,4,4,1.0
1055,42200,8,6,159,tuo,4,2,0.0
1056,42240,8,6,159,tuo,4,2,0.5
1057,42280,8,6,159,tuo,4,2,1.0
1058,42320,8,7,160,pu,4,4,1.0
1059,42360,8,7,160,pu,4,4,1.0
1060,42400,8,7,160,pu,4,4,1.0
1061,42440,8,7,160,pu,4,4,0.0
1062,42480,8,7,160,pu,4,4,1.0
1063,42520,8,7,160,pu,4,4,0.0
1064,42560,8,7,160,pu,4,4,1.0
1065,42600,8,7,160,pu,4,0,0.0
1066,42640,8,7,160,pu,4,0,1.0
1067,42680,8,8,161,jie,4,4,1.0
1068,42720,8,8,161,jie,4,4,1.0
1069,42760,8,8,161,jie,4,4,1.0
1070,42800,8,8,161,jie,4,4,0.0
1071,42840,8,8,161,jie,4,4,0.829493
1072,42880,8,9,162,gou,0,5,0.0
1073,42920,8,9,162,gou,0,5,0.003626
1074,42960,8,9,162,gou,0,5,0.569191
1075,43000,8,9,162,gou,0,5,1.0
1076,43040,8,9,162,gou,5,5,0.0
1077,43080,8,9,162,gou,5,5,0.430809
1078,43120,8,9,162,gou,5,5,0.996374
1079,43160,8,9,162,gou,5,5,0.0
1080,43200,8,9,162,gou,5,5,0.430809
1081,43240,8,9,162,gou,5,5,0.996374
1082,43280,8,9,162,gou,5,5,1.0
1093,43720,9,0,163,cu,5,5,1.0
1094,43760,9,0,163,cu,5,5,1.0
1095,43800,9,0,163,cu,5,3,0.0
1096,43840,9,0,163,cu,5,3,0.829493
1097,43880,9,0,163,cu,5,3,1.0
1098,43920,9,1,164,jin,5,5,1.0
1099,43960,9,1,164,jin,5,5,1.0
1100,44000,9,1,164,jin,5,5,0.0
1101,44040,9,1,164,jin,5,5,0.829493
1102,44080,9,1,164,jin,5,5,1.0
1103,44120,9,2,165,ren,2,2,1.0
1104,44160,9,2,165,ren,2,2,1.0
1105,44200,9,2,165,ren,2,4,0.0
1106,44240,9,2,165,ren,2,4,0.430809
1107,44280,9,2,165,ren,2,4,0.996374
1108,44320,9,2,165,ren,2,4,1.0
1109,44360,9,3,166,lei,2,2,1.0
1110,44400,9,3,166,lei,2,2,1.0
1111,44440,9,3,166,lei,2,5,0.0
1112,44480,9,3,166,lei,2,5,0.829493
1113,44520,9,3,166,lei,2,5,1.0
1114,44560,9,4,167,biao,0,0,1.0
1115,44600,9,4,167,biao,0,0,1.0
1116,44640,9,4,167,biao,0,6,0.0
1117,44680,9,4,167,biao,0,6,0.170507
1118,44720,9,4,167,biao,0,6,1.0
1119,44760,9,5,168,qing,5,5,1.0
1120,44800,9,5,168,qing,5,5,1.0
1121,44840,9,5,168,qing,5,4,0.0
1122,44880,9,5,168,qing,5,4,0.829493
1123,44920,9,5,168,qing,5,4,1.0
1124,44960,9,6,169,de,2,2,1.0
1125,45000,9,6,169,de,2,2,1.0
1126,45040,9,6,169,de,2,4,0.0
1127,45080,9,6,169,de,2,4,0.829493
1128,45120,9,6,169,de,2,4,1.0
1129,45160,9,7,170,zhong,2,2,1.0
1130,45200,9,7,170,zhong,2,2,1.0
1131,45240,9,7,170,zhong,2,6,0.0
1132,45280,9,7,170,zhong,2,6,0.430809
1133,45320,9,7,170,zhong,2,6,0.996374
1134,45360,9,7,170,zhong,2,6,1.0
1135,45400,9,8,171,ding,2,2,1.0
1136,45440,9,8,171,ding,2,2,1.0
1137,45480,9,8,171,ding,5,3,0.0
1138,45520,9,8,171,ding,5,3,0.430809
1139,45560,9,8,171,ding,5,3,0.996374
1140,45600,9,8,171,ding,5,3,1.0
1141,45640,9,9,172,xiang,6,6,1.0
1142,45680,9,9,172,xiang,6,6,0.0
1143,45720,9,9,172,xiang,6,6,0.829493
1144,45760,9,9,172,xiang,6,6,1.0
1145,45800,9,9,172,xiang,6,3,0.0
1146,45840,9,9,172,xiang,6,3,1.0
1147,45880,9,9,172,xiang,3,4,0.0
1148,45920,9,9,172,xiang,3,4,0.430809
1149,45960,9,9,172,xiang,3,4,0.996374
1150,46000,9,9,172,xiang,3,4,1.0
1151,46040,9,9,172,xiang,4,5,0.0
1152,46080,9,9,172,xiang,4,5,0.829493
1153,46120,10,0,173,bing,2,3,0.0
1154,46160,10,0,173,bing,2,3,0.230872
1155,46200,10,0,173,bing,2,3,0.829493
1156,46240,10,0,173,bing,2,3,1.0
1157,46280,10,0,173,bing,3,3,0.0
1158,46320,10,0,173,bing,3,3,0.829493
1159,46360,10,0,173,bing,3,3,1.0
1160,46400,10,0,173,bing,3,4,0.0
1161,46440,10,0,173,bing,3,4,0.829493
1162,46480,10,0,173,bing,4,5,0.0
1163,46520,10,0,173,bing,4,5,0.829493
1164,46560,10,0,173,bing,4,5,1.0
1165,46600,10,0,173,bing,5,5,0.0
1166,46640,10,1,174,shi,5,5,1.0
1167,46680,10,1,174,shi,5,5,1.0
1168,46720,10,1,174,shi,5,2,0.0
1169,46760,10,1,174,shi,2,4,0.0
1170,46800,10,1,174,shi,2,4,0.829493
1171,46840,10,1,174,shi,2,4,1.0
1172,46880,10,2,175,xian,4,4,1.0
1173,46920,10,2,175,xian,4,4,1.0
1174,46960,10,2,175,xian,0,5,0.0
1175,47000,10,2,175,xian,0,5,0.003626
1176,47040,10,2,175,xian,0,5,0.569191
1177,47080,10,3,176,gao,7,7,1.0
1178,47120,10,3,176,gao,7,7,1.0
1179,47160,10,3,176,gao,7,7,1.0
1180,47200,10,3,176,gao,7,6,0.0
1181,47240,10,3,176,gao,7,6,1.0
1182,47280,10,3,176,gao,6,5,0.0
1183,47320,10,3,176,gao,6,5,0.430809
1184,47360,10,3,176,gao,6,5,0.996374
1185,47400,10,4,177,xiao,5,5,1.0
1186,47440,10,4,177,xiao,5,5,1.0
1187,47480,10,4,177,xiao,5,5,0.0
1188,47520,10,4,177,xiao,5,5,1.0
1189,47560,10,5,178,de,1,1,1.0
1190,47600,10,5,178,de,1,1,1.0
1191,47640,10,5,178,de,1,7,0.0
1192,47680,10,5,178,de,1,7,0.829493
1193,47720,10,5,178,de,1,7,1.0
1194,47760,10,6,179,yu,4,4,1.0
1195,47800,10,6,179,yu,4,4,1.0
1196,47840,10,6,179,yu,4,4,1.0
1197,47880,10,6,179,yu,4,1,0.0
1198,47920,10,6,179,yu,4,1,1.0
1199,47960,10,7,180,yin,7,7,1.0
1200,48000,10,7,180,yin,7,7,1.0
1201,48040,10,7,180,yin,7,7,1.0
1202,48080,10,7,180,yin,7,7,0.0
1203,48120,10,7,180,yin,7,7,0.230872
1204,48160,10,7,180,yin,7,7,0.829493
1205,48200,10,7,180,yin,7,7,1.0
1206,48240,10,8,181,qu,3,3,1.0
1207,48280,10,8,181,qu,3,3,1.0
1208,48320,10,9,182,dong,2,2,1.0
1209,48360,10,9,182,dong,2,2,1.0
1210,48400,10,9,182,dong,2,6,0.0
1211,48440,10,9,182,dong,2,6,0.829493
1212,48480,10,9,182,dong,2,6,1.0
1213,48520,10,10,183,mian,0,0,1.0
1214,48560,10,10,183,mian,0,0,1.0
1215,48600,10,10,183,mian,0,7,0.0
1216,48640,10,10,183,mian,0,7,0.003626
1217,48680,10,10,183,mian,0,7,0.569191
1218,48720,10,10,183,mian,0,7,1.0
1219,48760,10,11,184,bu,0,0,1.0
1220,48800,10,11,184,bu,5,3,0.0
1221,48840,10,11,184,bu,5,3,0.430809
1222,48880,10,11,184,bu,5,3,0.996374
1223,48920,10,11,184,bu,5,3,1.0
1224,48960,10,12,185,yun,3,3,1.0
1225,49000,10,12,185,yun,3,3,1.0
1226,49040,10,12,185,yun,3,3,1.0
1227,49080,10,12,185,yun,3,4,0.0
1228,49120,10,12,185,yun,3,4,0.829493
1229,49160,10,13,186,dong,2,2,1.0
1230,49200,10,13,186,dong,2,2,1.0
1231,49240,10,13,186,dong,2,2,1.0
1232,49280,10,13,186,dong,2,4,0.0
1233,49320,10,13,186,dong,2,4,0.430809
1234,49360,10,13,186,dong,2,4,0.996374
1235,49400,10,13,186,dong,2,4,1.0
1236,49440,10,14,187,sheng,4,4,1.0
1237,49480,10,14,187,sheng,4,4,1.0
1238,49520,10,14,187,sheng,4,4,1.0
1239,49560,10,15,188,cheng,2,5,0.0
1240,49600,10,15,188,cheng,2,5,0.430809
1241,49640,10,15,188,cheng,2,5,0.996374
1242,49680,10,15,188,cheng,5,5,0.0
1243,49720,10,15,188,cheng,5,5,0.829493
1244,49760,10,15,188,cheng,5,5,0.0
1245,49800,10,15,188,cheng,5,5,1.0
1246,49840,10,15,188,cheng,5,2,0.0
1247,49880,10,15,188,cheng,2,7,0.0
1248,49920,10,15,188,cheng,2,7,0.430809
1249,49960,10,15,188,cheng,2,7,0.996374
1250,50000,10,15,188,cheng,7,6,0.0
1251,50040,10,15,188,cheng,7,6,0.430809
1252,50080,10,15,188,cheng,7,6,0.996374
1253,50120,10,15,188,cheng,7,6,1.0
1254,50160,10,15,188,cheng,6,5,0.0
1255,50200,10,15,188,cheng,6,5,0.230872
1256,50240,10,15,188,cheng,6,5,0.829493
1257,50280,10,15,188,cheng,6,5,1.0
1258,50320,10,15,188,cheng,6,5,1.0
1259,50360,11,0,189,gai,5,5,1.0
1260,50400,11,0,189,gai,5,5,1.0
1261,50440,11,0,189,gai,5,5,0.0
1262,50480,11,0,189,gai,5,2,0.0
1263,50520,11,0,189,gai,5,2,0.209877
1264,50560,11,0,189,gai,5,2,0.790123
1265,50600,11,0,189,gai,2,5,0.0
1266,50640,11,0,189,gai,5,5,0.0
1267,50680,11,0,189,gai,5,5,0.829493
1268,50720,11,0,189,gai,5,5,0.0
1269,50760,11,0,189,gai,5,5,0.430809
1270,50800,11,0,189,gai,5,5,0.996374
1271,50840,11,0,189,gai,5,4,0.0
1272,50880,11,0,189,gai,5,4,0.829493
1273,50920,11,0,189,gai,4,4,0.0
1274,50960,11,0,189,gai,4,4,0.829493
1275,51000,11,0,189,gai,5,2,0.0
1276,51040,11,0,189,gai,5,2,0.209877
1277,51080,11,0,189,gai,5,2,0.790123
1278,51120,11,1,190,fang,5,5,1.0
1279,51160,11,1,190,fang,5,5,1.0
1280,51200,11,1,190,fang,5,5,1.0
1281,51240,11,1,190,fang,5,5,0.0
1282,51280,11,1,190,fang,5,5,0.829493
1283,51320,11,1,190,fang,5,5,1.0
1284,51360,11,1,190,fang,5,4,0.0
1285,51400,11,1,190,fang,5,4,0.430809
1286,51440,11,1,190,fang,5,4,0.996374
1287,51480,11,1,190,fang,5,4,1.0
1288,51520,11,2,191,fa,4,4,1.0
1289,51560,11,2,191,fa,4,4,1.0
1290,51600,11,2,191,fa,4,4,0.0
1291,51640,11,2,191,fa,4,4,1.0
1292,51680,11,2,191,fa,4,3,0.0
1293,51720,11,2,191,fa,4,3,0.829493
1294,51760,11,2,191,fa,4,3,1.0
1295,51800,11,2,191,fa,3,4,0.0
1296,51840,11,3,192,zai,2,2,1.0
1297,51880,11,3,192,zai,2,2,1.0
1298,51920,11,3,192,zai,2,2,1.0
1299,51960,11,3,192,zai,3,2,0.0
1300,52000,11,3,192,zai,3,2,1.0
1301,52040,11,3,192,zai,2,3,0.0
1302,52080,11,3,192,zai,2,3,0.829493
1303,52120,11,3,192,zai,2,3,1.0
1304,52160,11,4,193,dan,4,4,1.0
1305,52200,11,4,193,dan,4,4,1.0
1306,52240,11,4,193,dan,4,4,1.0
1307,52280,11,4,193,dan,4,4,0.0
1308,52320,11,4,193,dan,4,4,0.430809
1309,52360,11,4,193,dan,4,4,0.996374
1310,52400,11,4,193,dan,4,4,1.0
1311,52440,11,4,193,dan,4,4,0.0
1312,52480,11,4,193,dan,4,4,1.0
1313,52520,11,5,194,kuai,4,4,1.0
1314,52560,11,5,194,kuai,4,4,1.0
1315,52600,11,5,194,kuai,5,2,0.0
1316,52640,11,5,194,kuai,5,2,0.5
1317,52680,11,5,194,kuai,5,2,1.0
1318,52720,11,5,194,kuai,2,4,0.0
1319,52760,11,5,194,kuai,2,4,0.829493
1320,52800,11,5,194,kuai,4,4,0.0
1321,52840,11,5,194,kuai,4,4,0.430809
1322,52880,11,5,194,kuai,4,4,0.996374
1323,52920,11,6,195,xian,1,1,1.0
1324,52960,11,6,195,xian,1,1,1.0
1325,53000,11,6,195,xian,1,7,0.0
1326,53040,11,6,195,xian,1,7,0.829493
1327,53080,11,6,195,xian,1,7,1.0
1328,53120,11,6,195,xian,7,4,0.0
1329,53160,11,6,195,xian,7,4,0.829493
1330,53200,11,7,196,ka,0,5,0.0
1331,53240,11,7,196,ka,0,5,0.170507
1332,53280,11,7,196,ka,5,7,0.0
1333,53320,11,7,196,ka,5,7,0.829493
1334,53360,11,7,196,ka,5,7,1.0
1335,53400,11,7,196,ka,7,2,0.0
1336,53440,11,7,196,ka,7,2,1.0
1337,53480,11,7,196,ka,2,2,1.0
1338,53520,11,7,196,ka,2,4,0.0
1339,53560,11,8,197,shang,4,4,1.0
1340,53600,11,8,197,shang,3,2,0.0
1341,53640,11,8,197,shang,3,2,0.209877
1342,53680,11,8,197,shang,3,2,0.790123
1343,53720,11,8,197,shang,3,2,1.0
1344,53760,11,8,197,shang,2,7,0.0
1345,53800,11,8,197,shang,2,7,0.829493
1346,53840,11,8,197,shang,7,4,0.0
1347,53880,11,8,197,shang,7,4,0.829493
1348,53920,11,8,197,shang,7,4,1.0
1349,53960,11,9,198,shi,2,5,0.0
1350,54000,11,9,198,shi,2,5,0.230872
1351,54040,11,9,198,shi,2,5,0.829493
1352,54080,11,9,198,shi,2,5,1.0
1353,54120,11,9,198,shi,5,5,0.0
1354,54160,11,9,198,shi,5,5,0.430809
1355,54200,11,9,198,shi,5,5,0.996374
1356,54240,11,10,199,xian,2,2,1.0
1357,54280,11,10,199,xian,2,2,1.0
1358,54320,11,10,199,xian,2,2,1.0
1359,54360,11,10,199,xian,2,2,1.0
1360,54400,11,10,199,xian,2,7,0.0
1361,54440,11,10,199,xian,2,7,0.829493
1362,54480,11,10,199,xian,2,7,1.0
1363,54520,11,11,200,le,2,2,1.0
1364,54560,11,11,200,le,2,2,1.0
1365,54600,11,11,200,le,2,4,0.0
1366,54640,11,11,200,le,2,4,0.230872
1367,54680,11,11,200,le,2,4,0.829493
1368,54720,11,11,200,le,2,4,1.0
1369,54760,11,11,200,le,2,4,1.0
1370,54800,11,12,201,chao,2,2,1.0
1371,54840,11,12,201,chao,2,2,1.0
1372,54880,11,12,201,chao,2,6,0.0
1373,54920,11,12,201,chao,2,6,0.134951
1374,54960,11,12,201,chao,2,6,0.603313
1375,55000,11,12,201,chao,2,6,0.964506
1376,55040,11,12,201,chao,2,6,1.0
1377,55080,11,12,201,chao,2,6,1.0
1378,55120,11,13,202,guo,4,4,1.0
1379,55160,11,13,202,guo,4,4,1.0
1380,55200,11,13,202,guo,4,4,1.0
1381,55240,11,13,202,guo,4,6,0.0
1382,55280,11,13,202,guo,4,6,0.134951
1383,55320,11,13,202,guo,4,6,0.603313
1384,55360,11,13,202,guo,4,6,0.964506
1385,55400,11,13,202,guo,4,6,1.0
1386,55440,11,13,202,guo,4,6,1.0
1387,55480,11,14,203,de,2,2,1.0
1388,55520,11,14,203,de,2,2,1.0
1389,55560,11,14,203,de,2,4,0.0
1390,55600,11,14,203,de,2,4,0.230872
1391,55640,11,14,203,de,2,4,0.829493
1392,55680,11,14,203,de,2,4,1.0
1393,55720,11,14,203,de,2,4,1.0
1394,55760,11,15,204,shi,2,2,1.0
1395,55800,11,15,204,shi,2,2,1.0
1396,55840,11,15,204,shi,2,5,0.0
1397,55880,11,15,204,shi,2,5,0.230872
1398,55920,11,15,204,shi,2,5,0.829493
1399,55960,11,15,204,shi,2,5,1.0
1400,56000,11,15,204,shi,2,5,1.0
1401,56040,11,16,205,shi,2,2,1.0
1402,56080,11,16,205,shi,2,2,1.0
1403,56120,11,16,205,shi,2,5,0.0
1404,56160,11,16,205,shi,2,5,0.230872
1405,56200,11,16,205,shi,2,5,0.829493
1406,56240,11,16,205,shi,2,5,1.0
1407,56280,11,16,205,shi,2,5,1.0
1408,56320,11,17,206,fang,1,1,1.0
1409,56360,11,17,206,fang,1,1,1.0
1410,56400,11,17,206,fang,1,1,1.0
1411,56440,11,17,206,fang,1,7,0.0
1412,56480,11,17,206,fang,1,7,0.829493
1413,56520,11,17,206,fang,7,2,0.0
1414,56560,11,17,206,fang,7,2,0.5
1415,56600,11,17,206,fang,7,2,1.0
1416,56640,11,17,206,fang,2,4,0.0
1417,56680,11,17,206,fang,2,4,0.829493
1418,56720,11,18,207,zhen,4,4,1.0
1419,56760,11,18,207,zhen,4,4,1.0
1420,56800,11,18,207,zhen,4,4,1.0
1421,56840,11,18,207,zhen,4,4,0.0
1422,56880,11,18,207,zhen,4,4,1.0
1423,56920,11,18,207,zhen,4,6,0.0
1424,56960,11,18,207,zhen,4,6,0.829493
1425,57000,11,18,207,zhen,4,6,1.0
1426,57040,11,19,208,mian,3,3,1.0
1427,57080,11,19,208,mian,3,3,1.0
1428,57120,11,19,208,mian,3,3,1.0
1429,57160,11,19,208,mian,5,2,0.0
1430,57200,11,19,208,mian,5,2,0.209877
1431,57240,11,19,208,mian,5,2,0.790123
1432,57280,11,19,208,mian,2,5,0.0
1433,57320,11,19,208,mian,2,5,0.829493
1434,57360,11,19,208,mian,2,5,1.0
1435,57400,11,20,209,bu,5,5,1.0
1436,57440,11,20,209,bu,5,2,0.0
1437,57480,11,20,209,bu,2,7,0.0
1438,57520,11,20,209,bu,2,7,0.829493
1439,57560,11,20,209,bu,2,7,1.0
1440,57600,11,20,209,bu,7,6,0.0
1441,57640,11,20,209,bu,7,6,0.829493
1442,57680,11,20,209,bu,7,6,1.0
1443,57720,11,21,210,biao,3,2,0.0
1444,57760,11,21,210,biao,3,2,0.209877
1445,57800,11,21,210,biao,3,2,0.790123
1446,57840,11,21,210,biao,2,4,0.0
1447,57880,11,21,210,biao,2,4,1.0
1448,57920,11,21,210,biao,4,4,0.0
1449,57960,11,21,210,biao,4,4,1.0
1450,58000,11,22,211,qing,2,3,0.0
1451,58040,11,22,211,qing,2,3,1.0
1452,58080,11,22,211,qing,3,3,0.0
1453,58120,11,22,211,qing,3,3,0.829493
1454,58160,11,22,211,qing,3,3,1.0
1455,58200,11,22,211,qing,3,4,0.0
1456,58240,11,22,211,qing,3,4,0.829493
1457,58280,11,22,211,qing,3,4,1.0
1458,58320,11,23,212,sheng,2,3,0.0
1459,58360,11,23,212,sheng,2,3,0.430809
1460,58400,11,23,212,sheng,2,3,0.996374
1461,58440,11,23,212,sheng,2,3,1.0
1462,58480,11,23,212,sheng,3,6,0.0
1463,58520,11,23,212,sheng,6,6,0.0
1464,58560,11,23,212,sheng,6,6,0.829493
1465,58600,11,23,212,sheng,6,6,1.0
1466,58640,11,24,213,cheng,0,3,0.0
1467,58680,11,24,213,cheng,0,3,0.170507
1468,58720,11,24,213,cheng,3,3,0.0
1469,58760,11,24,213,cheng,3,3,0.829493
1470,58800,11,24,213,cheng,3,3,0.0
1471,58840,11,24,213,cheng,3,3,0.829493
1472,58880,11,25,214,neng,2,5,0.0
1473,58920,11,25,214,neng,2,5,0.829493
1474,58960,11,25,214,neng,2,5,1.0
1475,59000,11,25,214,neng,5,4,0.0
1476,59040,11,25,214,neng,5,4,0.829493
1477,59080,11,25,214,neng,4,4,0.0
1478,59120,11,25,214,neng,4,4,0.829493
1479,59160,11,25,214,neng,4,4,1.0
1480,59200,11,26,215,li,4,4,1.0
1481,59240,11,26,215,li,4,4,1.0
1482,59280,11,26,215,li,4,6,0.0
1483,59320,11,26,215,li,4,6,0.230872
1484,59360,11,26,215,li,4,6,0.829493
1485,59400,11,26,215,li,4,6,1.0
1486,59440,11,26,215,li,6,3,0.0
1487,59480,11,26,215,li,6,3,0.829493
1488,59520,11,26,215,li,6,3,1.0
1495,59800,12,0,216,xian,5,5,1.0
1496,59840,12,0,216,xian,5,5,1.0
1497,59880,12,0,216,xian,5,7,0.0
1498,59920,12,0,216,xian,5,7,0.230872
1499,59960,12,0,216,xian,5,7,0.829493
1500,60000,12,0,216,xian,5,7,1.0
1501,60040,12,0,216,xian,5,7,1.0
1502,60080,12,1,217,zhu,3,5,0.0
1503,60120,12,1,217,zhu,3,5,0.230872
1504,60160,12,1,217,zhu,3,5,0.829493
1505,60200,12,1,217,zhu,3,5,1.0
1506,60240,12,1,217,zhu,3,5,1.0
1507,60280,12,1,217,zhu,5,3,0.0
1508,60320,12,1,217,zhu,5,3,1.0
1509,60360,12,2,218,ti,3,3,1.0
1510,60400,12,2,218,ti,3,3,1.0
1511,60440,12,2,218,ti,5,2,0.0
1512,60480,12,2,218,ti,5,2,0.5
1513,60520,12,2,218,ti,5,2,1.0
1514,60560,12,3,219,sheng,5,5,1.0
1515,60600,12,3,219,sheng,5,5,1.0
1516,60640,12,3,219,sheng,5,2,0.0
1517,60680,12,3,219,sheng,5,2,1.0
1518,60720,12,3,219,sheng,2,5,0.0
1519,60760,12,3,219,sheng,2,5,1.0
1520,60800,12,4,220,le,4,4,1.0
1521,60840,12,4,220,le,4,4,1.0
1522,60880,12,4,220,le,4,2,0.0
1523,60920,12,4,220,le,4,2,0.5
1524,60960,12,4,220,le,4,2,1.0
1525,61000,12,4,220,le,2,2,0.0
1526,61040,12,4,220,le,2,2,1.0
1527,61080,12,5,221,ji,4,4,1.0
1528,61120,12,5,221,ji,4,4,1.0
1529,61160,12,5,221,ji,4,4,1.0
1530,61200,12,5,221,ji,4,5,0.0
1531,61240,12,5,221,ji,4,5,0.829493
1532,61280,12,5,221,ji,4,5,1.0
1533,61320,12,6,222,qi,5,0,0.0
1534,61360,12,6,222,qi,5,0,0.5
1535,61400,12,6,222,qi,0,7,0.0
1536,61440,12,6,222,qi,0,7,0.170507
1537,61480,12,6,222,qi,0,7,1.0
1538,61520,12,7,223,ren,6,6,1.0
1539,61560,12,7,223,ren,6,6,1.0
1540,61600,12,7,223,ren,5,2,0.0
1541,61640,12,7,223,ren,5,2,0.209877
1542,61680,12,7,223,ren,5,2,0.790123
1543,61720,12,7,223,ren,5,2,1.0
1544,61760,12,8,224,fu,4,4,1.0
1545,61800,12,8,224,fu,4,4,1.0
1546,61840,12,8,224,fu,4,4,0.0
1547,61880,12,8,224,fu,4,4,1.0
1548,61920,12,8,224,fu,4,2,0.0
1549,61960,12,8,224,fu,4,2,1.0
1550,62000,12,9,225,zhi,4,4,1.0
1551,62040,12,9,225,zhi,4,4,1.0
1552,62080,12,9,225,zhi,4,4,0.0
1553,62120,12,9,225,zhi,4,4,0.829493
1554,62160,12,9,225,zhi,4,4,1.0
1555,62200,12,9,225,zhi,5,3,0.0
1556,62240,12,9,225,zhi,5,3,0.230872
1557,62280,12,9,225,zhi,5,3,0.829493
1558,62320,12,9,225,zhi,5,3,1.0
1559,62360,12,10,226,xi,3,3,1.0
1560,62400,12,10,226,xi,3,3,1.0
1561,62440,12,10,226,xi,3,3,1.0
1562,62480,12,11,227,wei,4,4,1.0
1563,62520,12,11,227,wei,4,4,1.0
1564,62560,12,11,227,wei,4,4,1.0
1565,62600,12,11,227,wei,2,5,0.0
1566,62640,12,11,227,wei,5,4,0.0
1567,62680,12,11,227,wei,5,4,0.829493
1568,62720,12,11,227,wei,5,4,1.0
1569,62760,12,12,228,ren,4,4,1.0
1570,62800,12,12,228,ren,4,4,1.0
1571,62840,12,12,228,ren,2,5,0.0
1572,62880,12,12,228,ren,2,5,0.430809
1573,62920,12,12,228,ren,2,5,0.996374
1574,62960,12,13,229,lei,7,7,1.0
1575,63000,12,13,229,lei,7,7,1.0
1576,63040,12,13,229,lei,7,7,1.0
1577,63080,12,13,229,lei,7,7,1.0
1578,63120,12,13,229,lei,7,4,0.0
1579,63160,12,13,229,lei,7,4,0.230872
1580,63200,12,13,229,lei,7,4,0.829493
1581,63240,12,13,229,lei,7,4,1.0
1582,63280,12,14,230,biao,6,6,1.0
1583,63320,12,14,230,biao,6,6,1.0
1584,63360,12,14,230,biao,6,6,1.0
1585,63400,12,14,230,biao,6,6,1.0
1586,63440,12,15,231,qing,5,5,1.0
1587,63480,12,15,231,qing,5,5,1.0
1588,63520,12,15,231,qing,5,4,0.0
1589,63560,12,15,231,qing,5,4,0.430809
1590,63600,12,15,231,qing,5,4,0.996374
1591,63640,12,15,231,qing,5,4,1.0
1592,63680,12,16,232,yi,5,5,1.0
1593,63720,12,16,232,yi,5,5,1.0
1594,63760,12,16,232,yi,5,5,0.0
1595,63800,12,16,232,yi,5,5,0.829493
1596,63840,12,16,232,yi,0,5,0.0
1597,63880,12,16,232,yi,0,5,0.170507
1598,63920,12,16,232,yi,0,5,1.0
1599,63960,12,17,233,shi,4,4,1.0
1600,64000,12,17,233,shi,4,4,1.0
1601,64040,12,17,233,shi,4,4,0.0
1602,64080,12,17,233,shi,4,4,0.829493
1603,64120,12,17,233,shi,4,4,1.0
1604,64160,12,18,234,xian,5,5,1.0
1605,64200,12,18,234,xian,5,5,1.0
1606,64240,12,18,234,xian,5,5,1.0
1607,64280,12,18,234,xian,5,5,1.0
1608,64320,12,18,234,xian,5,5,0.0
1609,64360,12,18,234,xian,5,5,1.0
1610,64400,12,18,234,xian,5,5,0.0
1611,64440,12,19,235,zi,2,5,0.0
1612,64480,12,19,235,zi,2,5,0.430809
1613,64520,12,19,235,zi,2,5,0.996374
1614,64560,12,19,235,zi,5,7,0.0
1615,64600,12,19,235,zi,5,7,0.430809
1616,64640,12,19,235,zi,5,7,0.996374
1617,64680,12,20,236,ran,2,2,1.0
1618,64720,12,20,236,ran,2,2,1.0
1619,64760,12,20,236,ran,2,2,1.0
1620,64800,12,20,236,ran,2,2,1.0
1621,64840,12,20,236,ran,2,4,0.0
1622,64880,12,20,236,ran,2,4,0.829493
1623,64920,12,20,236,ran,2,4,1.0
1624,64960,12,21,237,jiao,7,7,1.0
1625,65000,12,21,237,jiao,7,7,1.0
1626,65040,12,21,237,jiao,7,6,0.0
1627,65080,12,21,237,jiao,7,6,0.829493
1628,65120,12,21,237,jiao,2,5,0.0
1629,65160,12,21,237,jiao,2,5,0.829493
1630,65200,12,21,237,jiao,2,5,1.0
1631,65240,12,22,238,hu,7,7,1.0
1632,65280,12,22,238,hu,7,7,1.0
1633,65320,12,22,238,hu,7,7,1.0
1634,65360,12,22,238,hu,7,6,0.0
1635,65400,12,22,238,hu,7,6,0.829493
1636,65440,12,23,239,de,2,2,1.0
1637,65480,12,23,239,de,2,4,0.0
1638,65520,12,23,239,de,2,4,1.0
1639,65560,12,23,239,de,4,4,1.0
1640,65600,12,23,239,de,4,3,0.0
1641,65640,12,23,239,de,4,3,0.829493
1642,65680,12,24,240,neng,4,4,1.0
1643,65720,12,24,240,neng,4,4,1.0
1644,65760,12,24,240,neng,4,4,0.0
1645,65800,12,24,240,neng,4,4,1.0
1646,65840,12,24,240,neng,4,5,0.0
1647,65880,12,24,240,neng,4,5,0.829493
1648,65920,12,25,241,li,5,5,1.0
1649,65960,12,25,241,li,5,5,1.0
1650,66000,12,25,241,li,5,5,1.0
1651,66040,12,25,241,li,5,2,0.0
1652,66080,12,25,241,li,5,2,0.209877
1653,66120,12,25,241,li,5,2,0.790123
1654,66160,12,25,241,li,5,2,1.0
1655,66200,12,25,241,li,2,3,0.0
1656,66240,12,25,241,li,2,3,0.230872
1657,66280,12,25,241,li,2,3,0.829493
1658,66320,12,25,241,li,2,3,1.0
1659,66360,12,25,241,li,3,4,0.0
1660,66400,12,25,241,li,4,4,0.0
1661,66440,12,25,241,li,4,4,0.829493
1662,66480,12,25,241,li,4,4,1.0
1663,66520,12,25,241,li,2,3,0.0
1664,66560,12,25,241,li,3,3,0.0
1665,66600,12,25,241,li,3,3,0.430809
1666,66640,12,25,241,li,3,3,0.996374
1667,66680,12,25,241,li,3,4,0.0
1668,66720,12,25,241,li,3,4,0.430809
1669,66760,12,25,241,li,3,4,0.996374
1670,66800,12,25,241,li,0,5,0.0
1671,66840,12,25,241,li,0,5,0.003626
1672,66880,12,25,241,li,0,5,0.569191
1673,66920,12,25,241,li,5,7,0.0
1674,66960,12,25,241,li,5,7,0.829493
1675,67000,12,25,241,li,5,7,1.0
1676,67040,12,25,241,li,7,2,0.0
1677,67080,12,25,241,li,7,2,0.5
1678,67120,12,25,241,li,7,2,1.0
1679,67160,12,25,241,li,0,3,0.0
1680,67200,12,25,241,li,3,3,0.0
1681,67240,12,25,241,li,3,3,1.0
1682,67280,12,25,241,li,3,3,0.0
1683,67320,12,25,241,li,3,3,1.0
1684,67360,12,25,241,li,3,3,0.0
1685,67400,12,25,241,li,3,3,0.829493
1686,67440,12,25,241,li,3,4,0.0
1687,67480,12,25,241,li,3,4,1.0
1688,67520,12,25,241,li,4,2,0.0
1689,67560,12,25,241,li,4,2,0.5
1690,67600,12,25,241,li,4,2,1.0
1691,67640,12,25,241,li,2,3,0.0
1692,67680,12,25,241,li,2,3,1.0
1693,67720,12,25,241,li,3,3,0.0
1694,67760,12,25,241,li,3,3,0.829493
1695,67800,12,25,241,li,3,4,0.0
1696,67840,12,25,241,li,3,4,0.430809
1697,67880,12,25,241,li,3,4,0.996374
1698,67920,12,25,241,li,3,4,1.0
1699,67960,12,25,241,li,4,5,0.0
1700,68000,12,25,241,li,4,5,0.430809
1701,68040,12,25,241,li,4,5,0.996374
1702,68080,12,25,241,li,4,5,1.0
1703,68120,12,25,241,li,5,4,0.0
1704,68160,12,25,241,li,5,4,1.0
1705,68200,12,25,241,li,4,4,0.0
1706,68240,12,25,241,li,4,4,0.829493
1707,68280,12,25,241,li,2,5,0.0
1708,68320,12,25,241,li,2,5,0.430809
1709,68360,12,25,241,li,2,5,0.996374
1710,68400,12,25,241,li,5,4,0.0
1711,68440,12,25,241,li,5,4,0.134951
1712,68480,12,25,241,li,5,4,0.603313
1713,68520,12,25,241,li,5,4,0.964506
1714,68560,12,25,241,li,5,4,1.0
1715,68600,12,25,241,li,4,4,0.0
1716,68640,12,25,241,li,4,4,0.230872
1717,68680,12,25,241,li,4,4,0.829493
1718,68720,12,25,241,li,4,4,1.0
1719,68760,12,25,241,li,4,4,1.0
1749,69960,12,25,241,li,4,4,0.0
1750,70000,12,25,241,li,4,4,0.829493
1751,70040,12,25,241,li,4,7,0.0
1752,70080,12,25,241,li,4,7,0.829493
1753,70120,12,25,241,li,7,4,0.0
1754,70160,12,25,241,li,7,4,0.829493
1755,70200,12,25,241,li,4,1,0.0
1756,70240,12,25,241,li,4,1,0.5
1757,70280,12,25,241,li,4,1,1.0
1758,70320,12,25,241,li,1,7,0.0
1759,70360,12,25,241,li,1,7,0.829493
1760,70400,12,25,241,li,7,4,0.0
1761,70440,12,25,241,li,7,4,0.430809
1762,70480,12,25,241,li,7,4,0.996374
1763,70520,12,25,241,li,4,1,0.0
1764,70560,12,25,241,li,4,1,0.5
1765,70600,12,25,241,li,1,7,0.0
1766,70640,12,25,241,li,1,7,0.430809
1767,70680,12,25,241,li,1,7,0.996374
1768,70720,12,25,241,li,1,7,1.0
1769,70760,12,25,241,li,7,7,0.0
1770,70800,12,25,241,li,7,7,0.430809
1771,70840,12,25,241,li,7,7,0.996374
1772,70880,12,25,241,li,7,7,1.0
1773,70920,12,25,241,li,7,5,0.0
1774,70960,12,25,241,li,7,5,0.430809
1775,71000,12,25,241,li,7,5,0.996374
1776,71040,12,25,241,li,5,7,0.0
1777,71080,12,25,241,li,5,7,1.0
1778,71120,12,25,241,li,7,4,0.0
1779,71160,12,25,241,li,7,4,0.829493
1780,71200,12,25,241,li,4,2,0.0
1781,71240,12,25,241,li,4,2,0.5
1782,71280,12,25,241,li,2,7,0.0
1783,71320,12,25,241,li,2,7,0.829493
1784,71360,12,25,241,li,2,7,1.0
1785,71400,12,25,241,li,7,2,0.0
1786,71440,12,25,241,li,7,2,0.5
1787,71480,12,25,241,li,7,2,1.0
1788,71520,12,25,241,li,4,3,0.0
1789,71560,12,25,241,li,4,3,0.829493
1790,71600,12,25,241,li,4,3,1.0
1791,71640,12,25,241,li,3,7,0.0
1792,71680,12,25,241,li,3,7,0.829493
1793,71720,12,25,241,li,3,7,1.0
1794,71760,12,25,241,li,7,4,0.0
1795,71800,12,25,241,li,7,4,0.000218
1796,71840,12,25,241,li,7,4,0.00167
1797,71880,12,25,241,li,7,4,0.005391
1798,71920,12,25,241,li,7,4,0.012208
1799,71960,12,25,241,li,7,4,0.022757
1800,72000,12,25,241,li,7,4,0.037494
1801,72040,12,25,241,li,7,4,0.056708
1802,72080,12,25,241,li,7,4,0.080535
1803,72120,12,25,241,li,7,4,0.10897
1804,72160,12,25,241,li,7,4,0.141882
1805,72200,12,25,241,li,7,4,0.179026
1806,72240,12,25,241,li,7,4,0.220056
1807,72280,12,25,241,li,7,4,0.26454
1808,72320,12,25,241,li,7,4,0.311969
1809,72360,12,25,241,li,7,4,0.361775
1810,72400,12,25,241,li,7,4,0.413341
1811,72440,12,25,241,li,7,4,0.466016
1812,72480,12,25,241,li,7,4,0.519127
1813,72520,12,25,241,li,7,4,0.571993
1814,72560,12,25,241,li,7,4,0.623937
1815,72600,12,25,241,li,7,4,0.674299
1816,72640,12,25,241,li,7,4,0.722453
1817,72680,12,25,241,li,7,4,0.767816
1818,72720,12,25,241,li,7,4,0.80986
1819,72760,12,25,241,li,7,4,0.848131
1820,72800,12,25,241,li,7,4,0.882258
1821,72840,12,25,241,li,7,4,0.911965
1822,72880,12,25,241,li,7,4,0.937088
1823,72920,12,25,241,li,7,4,0.957586
1824,72960,12,25,241,li,7,4,0.973554
1825,73000,12,25,241,li,7,4,0.985237
1826,73040,12,25,241,li,7,4,0.993043
1827,73080,12,25,241,li,7,4,0.997556
1828,73120,12,25,241,li,7,4,0.999548
1829,73160,12,25,241,li,7,4,0.999995
1830,73200,12,25,241,li,7,4,1.0
1831,73240,12,25,241,li,7,4,1.0
1832,73280,12,25,241,li,7,4,1.0
1833,73320,12,25,241,li,7,4,1.0
1834,73360,12,25,241,li,7,4,1.0
1835,73400,12,25,241,li,7,4,1.0
1836,73440,12,25,241,li,7,4,1.0
1837,73480,12,25,241,li,7,4,1.0
1838,73520,12,25,241,li,7,4,1.0
1839,73560,12,25,241,li,7,4,1.0
1840,73600,12,25,241,li,7,4,1.0
1841,73640,12,25,241,li,7,4,1.0
1842,73680,12,25,241,li,7,4,1.0
1843,73720,12,25,241,li,4,5,0.0
1844,73760,12,25,241,li,4,5,0.230872
1845,73800,12,25,241,li,4,5,0.829493
1846,73840,12,25,241,li,4,5,1.0
1847,73880,12,25,241,li,4,5,1.0
1848,73920,12,25,241,li,5,5,0.0
1849,73960,12,25,241,li,5,5,0.0
1850,74000,12,25,241,li,5,5,0.829493
1851,74040,12,25,241,li,2,5,0.0
1852,74080,12,25,241,li,2,5,0.430809
1853,74120,12,25,241,li,2,5,0.996374
1854,74160,12,25,241,li,5,7,0.0
1855,74200,12,25,241,li,5,7,0.829493
1856,74240,12,25,241,li,7,2,0.0
1857,74280,12,25,241,li,7,2,0.209877
1858,74320,12,25,241,li,7,2,0.790123
1859,74360,12,25,241,li,2,5,0.0
1860,74400,12,25,241,li,2,5,0.829493
1861,74440,12,25,241,li,2,5,1.0
1862,74480,12,25,241,li,5,4,0.0
1863,74520,12,25,241,li,5,4,1.0
1864,74560,12,25,241,li,4,4,0.0
1865,74600,12,25,241,li,4,4,0.829493
1866,74640,12,25,241,li,4,4,1.0
1867,74680,12,25,241,li,2,5,0.0
1868,74720,12,25,241,li,2,5,0.829493
1869,74760,12,25,241,li,5,6,0.0
1870,74800,12,25,241,li,5,6,0.829493
1871,74840,12,25,241,li,5,6,1.0
1872,74880,12,25,241,li,6,3,0.0
1873,74920,12,25,241,li,6,3,1.0
1874,74960,12,25,241,li,3,5,0.0
1875,75000,12,25,241,li,3,5,0.430809
1876,75040,12,25,241,li,3,5,0.996374
1877,75080,12,25,241,li,3,5,1.0
1878,75120,12,25,241,li,5,5,0.0
1879,75160,12,25,241,li,5,5,0.430809
1880,75200,12,25,241,li,5,5,0.996374
1881,75240,12,25,241,li,5,5,1.0
1882,75280,12,25,241,li,5,5,0.0
1883,75320,12,25,241,li,5,5,0.829493
1884,75360,12,25,241,li,2,5,0.0
1885,75400,12,25,241,li,2,5,0.430809
1886,75440,12,25,241,li,2,5,0.996374
1887,75480,12,25,241,li,2,5,1.0
1888,75520,12,25,241,li,5,7,0.0
1889,75560,12,25,241,li,5,7,0.829493
1890,75600,12,25,241,li,5,7,1.0
1891,75640,12,25,241,li,7,2,0.0
1892,75680,12,25,241,li,7,2,0.5
1893,75720,12,25,241,li,2,4,0.0
1894,75760,12,25,241,li,2,4,0.430809
1895,75800,12,25,241,li,2,4,0.996374
1896,75840,12,25,241,li,4,7,0.0
1897,75880,12,25,241,li,4,7,0.829493
1898,75920,12,25,241,li,7,7,0.0
1899,75960,12,25,241,li,7,7,0.829493
1900,76000,12,25,241,li,7,7,1.0
1901,76040,12,25,241,li,7,5,0.0
1902,76080,12,25,241,li,7,5,0.829493
1903,76120,12,25,241,li,5,7,0.0
1904,76160,12,25,241,li,5,7,0.430809
1905,76200,12,25,241,li,5,7,0.996374
1906,76240,12,25,241,li,5,7,1.0
1907,76280,12,25,241,li,7,4,0.0
1908,76320,12,25,241,li,7,4,0.430809
1909,76360,12,25,241,li,7,4,0.996374
1910,76400,12,25,241,li,4,5,0.0
1911,76440,12,25,241,li,4,5,0.230872
1912,76480,12,25,241,li,4,5,0.829493
1913,76520,12,25,241,li,4,5,1.0
1914,76560,12,25,241,li,4,5,1.0
1915,76600,12,25,241,li,5,5,0.0
1916,76640,12,25,241,li,5,5,1.0
1917,76680,12,25,241,li,5,5,0.0
1918,76720,12,25,241,li,2,5,0.0
1919,76760,12,25,241,li,2,5,0.430809
1920,76800,12,25,241,li,2,5,0.996374
1921,76840,12,25,241,li,5,7,0.0
1922,76880,12,25,241,li,5,7,0.829493
1923,76920,12,25,241,li,7,2,0.0
1924,76960,12,25,241,li,7,2,1.0
1925,77000,12,25,241,li,2,2,0.0
1926,77040,12,25,241,li,2,2,0.5
1927,77080,12,25,241,li,2,4,0.0
1928,77120,12,25,241,li,2,4,0.829493
1929,77160,12,25,241,li,2,4,1.0
1930,77200,12,25,241,li,4,4,0.0
1931,77240,12,25,241,li,4,4,0.829493
1932,77280,12,25,241,li,2,5,0.0
1933,77320,12,25,241,li,2,5,0.230872
1934,77360,12,25,241,li,2,5,0.829493
1935,77400,12,25,241,li,2,5,1.0
1936,77440,12,25,241,li,5,7,0.0
1937,77480,12,25,241,li,5,7,0.829493
1938,77520,12,25,241,li,7,6,0.0
1939,77560,12,25,241,li,7,6,0.430809
1940,77600,12,25,241,li,7,6,0.996374
1941,77640,12,25,241,li,7,6,1.0
1942,77680,12,25,241,li,4,3,0.0
1943,77720,12,25,241,li,3,6,0.0
1944,77760,12,25,241,li,3,6,0.829493
1945,77800,12,25,241,li,6,6,0.0
1946,77840,12,25,241,li,6,6,0.829493
1947,77880,12,25,241,li,6,5,0.0
1948,77920,12,25,241,li,6,5,0.230872
1949,77960,12,25,241,li,6,5,0.829493
1950,78000,12,25,241,li,6,5,1.0
1951,78040,12,25,241,li,5,5,0.0
1952,78080,12,25,241,li,5,5,1.0
1953,78120,12,25,241,li,5,5,0.0
1954,78160,12,25,241,li,5,5,1.0
1955,78200,12,25,241,li,2,5,0.0
1956,78240,12,25,241,li,2,5,0.430809
1957,78280,12,25,241,li,2,5,0.996374
1958,78320,12,25,241,li,2,5,1.0
1959,78360,12,25,241,li,5,7,0.0
1960,78400,12,25,241,li,5,7,0.829493
1961,78440,12,25,241,li,5,7,1.0
1962,78480,12,25,241,li,7,2,0.0
1963,78520,12,25,241,li,7,2,0.000537
1964,78560,12,25,241,li,7,2,0.004043
1965,78600,12,25,241,li,7,2,0.012826
1966,78640,12,25,241,li,7,2,0.028527
1967,78680,12,25,241,li,7,2,0.052183
1968,78720,12,25,241,li,7,2,0.084281
1969,78760,12,25,241,li,7,2,0.124828
1970,78800,12,25,241,li,7,2,0.173405
1971,78840,12,25,241,li,7,2,0.229228
1972,78880,12,25,241,li,7,2,0.291212
1973,78920,12,25,241,li,7,2,0.358029
1974,78960,12,25,241,li,7,2,0.428169
1975,79000,12,25,241,li,7,2,0.5
1976,79040,12,25,241,li,7,2,0.571831
1977,79080,12,25,241,li,7,2,0.641971
1978,79120,12,25,241,li,7,2,0.708788
1979,79160,12,25,241,li,7,2,0.770772
1980,79200,12,25,241,li,7,2,0.826595
1981,79240,12,25,241,li,7,2,0.875172
1982,79280,12,25,241,li,7,2,0.915719
1983,79320,12,25,241,li,7,2,0.947817
1984,79360,12,25,241,li,7,2,0.971473
1985,79400,12,25,241,li,7,2,0.987174
1986,79440,12,25,241,li,7,2,0.995957
1987,79480,12,25,241,li,7,2,0.999463
1988,79520,12,25,241,li,2,2,0.0
1989,79560,12,25,241,li,2,2,0.5
1990,79600,12,25,241,li,2,4,0.0
1991,79640,12,25,241,li,2,4,0.829493
1992,79680,12,25,241,li,4,4,0.0
1993,79720,12,25,241,li,4,4,0.430809
1994,79760,12,25,241,li,4,4,0.996374
1995,79800,12,25,241,li,4,5,0.0
1996,79840,12,25,241,li,4,5,0.230872
1997,79880,12,25,241,li,4,5,0.829493
1998,79920,12,25,241,li,4,5,1.0
1999,79960,12,25,241,li,4,5,1.0
2000,80000,12,25,241,li,5,5,0.0
2001,80040,12,25,241,li,5,5,1.0
2002,80080,12,25,241,li,5,5,0.0
2003,80120,12,25,241,li,5,5,0.0
2004,80160,12,25,241,li,5,5,0.430809
2005,80200,12,25,241,li,5,5,0.996374
2006,80240,12,25,241,li,5,5,0.0
2007,80280,12,25,241,li,5,5,1.0
2008,80320,12,25,241,li,5,5,0.0
2009,80360,12,25,241,li,5,1,0.0
2010,80400,12,25,241,li,5,1,0.5
2011,80440,12,25,241,li,5,1,1.0
2012,80480,12,25,241,li,1,7,0.0
2013,80520,12,25,241,li,1,7,0.829493
2014,80560,12,25,241,li,1,7,1.0
2015,80600,12,25,241,li,7,4,0.0
2016,80640,12,25,241,li,7,4,0.430809
2017,80680,12,25,241,li,7,4,0.996374
2018,80720,12,25,241,li,2,5,0.0
2019,80760,12,25,241,li,2,5,1.0
2020,80800,12,25,241,li,5,4,0.0
2021,80840,12,25,241,li,5,4,0.829493
2022,80880,12,25,241,li,5,4,1.0
2023,80920,12,25,241,li,4,2,0.0
2024,80960,12,25,241,li,4,2,0.209877
2025,81000,12,25,241,li,4,2,0.790123
2026,81040,12,25,241,li,0,5,0.0
2027,81080,12,25,241,li,0,5,0.170507
2028,81120,12,25,241,li,0,5,1.0
2029,81160,12,25,241,li,5,7,0.0
2030,81200,12,25,241,li,5,7,0.829493
2031,81240,12,25,241,li,5,7,1.0
2032,81280,12,25,241,li,7,2,0.0
2033,81320,12,25,241,li,7,2,0.5
2034,81360,12,25,241,li,7,2,1.0
2035,81400,12,25,241,li,0,3,1.0
2036,81440,12,25,241,li,3,3,0.0
2037,81480,12,25,241,li,3,3,0.0
2038,81520,12,25,241,li,3,3,0.829493
2039,81560,12,25,241,li,3,3,1.0
2040,81600,12,25,241,li,5,0,0.0
2041,81640,12,25,241,li,5,0,1.0
2042,81680,12,25,241,li,0,7,0.0
2043,81720,12,25,241,li,0,7,0.170507
2044,81760,12,25,241,li,7,6,0.0
2045,81800,12,25,241,li,7,6,0.829493
2046,81840,12,25,241,li,7,6,1.0
2047,81880,12,25,241,li,2,5,0.0
2048,81920,12,25,241,li,2,5,0.430809
2049,81960,12,25,241,li,2,5,0.996374
2050,82000,12,25,241,li,5,4,0.0
2051,82040,12,25,241,li,5,4,0.430809
2052,82080,12,25,241,li,5,4,0.996374
2053,82120,12,25,241,li,5,4,1.0
2054,82160,12,25,241,li,4,4,0.0
2055,82200,12,25,241,li,4,4,0.829493
2056,82240,12,25,241,li,4,4,1.0
2057,82280,12,25,241,li,4,5,0.0
2058,82320,12,25,241,li,4,5,0.430809
2059,82360,12,25,241,li,4,5,0.996374
2060,82400,12,25,241,li,4,5,1.0
2061,82440,12,25,241,li,5,4,0.0
2062,82480,12,25,241,li,5,4,0.829493
2063,82520,12,25,241,li,4,4,0.0
2064,82560,12,25,241,li,4,4,0.829493
2065,82600,12,25,241,li,4,4,1.0
2066,82640,12,25,241,li,2,5,0.0
2067,82680,12,25,241,li,2,5,0.829493
2068,82720,12,25,241,li,5,4,0.0
2069,82760,12,25,241,li,5,4,0.829493
2070,82800,12,25,241,li,5,4,1.0
2071,82840,12,25,241,li,4,4,0.0
2072,82880,12,25,241,li,4,4,1.0
2073,82920,12,25,241,li,4,2,0.0
2074,82960,12,25,241,li,4,2,0.5
2075,83000,12,25,241,li,2,4,0.0
2076,83040,12,25,241,li,2,4,0.829493
2077,83080,12,25,241,li,2,4,1.0
2078,83120,12,25,241,li,4,4,0.0
2079,83160,12,25,241,li,4,4,0.829493
2080,83200,12,25,241,li,2,5,0.0
2081,83240,12,25,241,li,2,5,0.829493
2082,83280,12,25,241,li,5,5,0.0
2083,83320,12,25,241,li,5,5,0.829493
2084,83360,12,25,241,li,5,5,0.0
2085,83400,12,25,241,li,5,5,0.230872
2086,83440,12,25,241,li,5,5,0.829493
2087,83480,12,25,241,li,5,5,1.0
2088,83520,12,25,241,li,5,5,1.0
2102,84080,12,25,241,li,2,5,0.0
2103,84120,12,25,241,li,2,5,0.230872
2104,84160,12,25,241,li,2,5,0.829493
2105,84200,12,25,241,li,2,5,1.0
2106,84240,12,25,241,li,5,7,0.0
2107,84280,12,25,241,li,5,7,0.829493
2108,84320,12,25,241,li,5,7,1.0
2109,84360,12,25,241,li,7,2,0.0
2110,84400,12,25,241,li,7,2,0.5
2111,84440,12,25,241,li,7,2,1.0
2112,84480,12,25,241,li,2,5,0.0
2113,84520,12,25,241,li,2,5,0.829493
2114,84560,12,25,241,li,5,3,0.0
2115,84600,12,25,241,li,5,3,0.829493
2116,84640,12,25,241,li,5,3,1.0
2117,84680,12,25,241,li,3,3,0.0
2118,84720,12,25,241,li,3,3,0.829493
2119,84760,12,25,241,li,3,3,1.0
2120,84800,12,25,241,li,5,2,0.0
2121,84840,12,25,241,li,5,2,0.103516
2122,84880,12,25,241,li,5,2,0.5
2123,84920,12,25,241,li,5,2,0.896484
2124,84960,12,25,241,li,2,5,0.0
2125,85000,12,25,241,li,2,5,1.0
2126,85040,12,25,241,li,5,5,0.0
2127,85080,12,25,241,li,5,5,0.0
2128,85120,12,25,241,li,5,5,0.430809
2129,85160,12,25,241,li,5,5,0.996374
2130,85200,12,25,241,li,5,4,0.0
2131,85240,12,25,241,li,5,4,0.829493
2132,85280,12,25,241,li,4,4,0.0
2133,85320,12,25,241,li,4,4,0.829493
2134,85360,12,25,241,li,4,2,0.0
2135,85400,12,25,241,li,4,2,0.5
2136,85440,12,25,241,li,2,4,0.0
2137,85480,12,25,241,li,2,4,0.829493
2138,85520,12,25,241,li,2,4,1.0
2139,85560,12,25,241,li,4,4,0.0
2140,85600,12,25,241,li,4,4,0.829493
2141,85640,12,25,241,li,4,4,1.0
2142,85680,12,25,241,li,5,2,0.0
2143,85720,12,25,241,li,5,2,0.209877
2144,85760,12,25,241,li,5,2,0.790123
2145,85800,12,25,241,li,2,5,0.0
2146,85840,12,25,241,li,2,5,1.0
2147,85880,12,25,241,li,5,5,0.0
2148,85920,12,25,241,li,5,2,0.0
2149,85960,12,25,241,li,5,2,0.103516
2150,86000,12,25,241,li,5,2,0.5
2151,86040,12,25,241,li,5,2,0.896484
2152,86080,12,25,241,li,2,5,0.0
2153,86120,12,25,241,li,5,5,0.0
2154,86160,12,25,241,li,5,5,0.829493
2155,86200,12,25,241,li,5,5,0.0
2156,86240,12,25,241,li,5,5,0.829493
2157,86280,12,25,241,li,5,5,1.0
2158,86320,12,25,241,li,5,4,0.0
2159,86360,12,25,241,li,5,4,0.430809
2160,86400,12,25,241,li,5,4,0.996374
2161,86440,12,25,241,li,4,2,0.0
2162,86480,12,25,241,li,4,2,0.209877
2163,86520,12,25,241,li,4,2,0.790123
2164,86560,12,25,241,li,3,1,0.0
2165,86600,12,25,241,li,3,1,0.103516
2166,86640,12,25,241,li,3,1,0.5
2167,86680,12,25,241,li,3,1,0.896484
2168,86720,12,25,241,li,1,3,0.0
2169,86760,12,25,241,li,1,3,1.0
2170,86800,12,25,241,li,3,3,0.0
2171,86840,12,25,241,li,3,3,1.0
2172,86880,12,25,241,li,5,2,0.0
2173,86920,12,25,241,li,5,2,0.5
2174,86960,12,25,241,li,2,5,0.0
2175,87000,12,25,241,li,2,5,1.0
2176,87040,12,25,241,li,5,5,0.0
2177,87080,12,25,241,li,5,5,0.829493
2178,87120,12,25,241,li,5,5,1.0
2179,87160,12,25,241,li,5,2,0.0
2180,87200,12,25,241,li,5,2,0.103516
2181,87240,12,25,241,li,5,2,0.5
2182,87280,12,25,241,li,5,2,0.896484
2183,87320,12,25,241,li,5,2,1.0
2184,87360,12,25,241,li,2,5,1.0
2185,87400,12,25,241,li,5,5,0.0
2186,87440,12,25,241,li,5,5,0.829493
2187,87480,12,25,241,li,5,3,0.0
2188,87520,12,25,241,li,5,3,0.829493
2189,87560,12,25,241,li,3,4,0.0
2190,87600,12,25,241,li,3,4,0.829493
2191,87640,12,25,241,li,4,5,0.0
2192,87680,12,25,241,li,4,5,0.829493
2193,87720,12,25,241,li,5,5,0.0
2194,87760,12,25,241,li,5,5,0.829493
2195,87800,12,25,241,li,5,5,1.0
2196,87840,12,25,241,li,5,4,0.0
2197,87880,12,25,241,li,5,4,0.829493
2198,87920,12,25,241,li,4,2,0.0
2199,87960,12,25,241,li,4,2,0.5
2200,88000,12,25,241,li,4,2,1.0
2201,88040,12,25,241,li,2,2,0.0
2202,88080,12,25,241,li,2,4,0.0
2203,88120,12,25,241,li,2,4,0.430809
2204,88160,12,25,241,li,2,4,0.996374
2205,88200,12,25,241,li,4,5,0.0
2206,88240,12,25,241,li,4,5,0.430809
2207,88280,12,25,241,li,4,5,0.996374
2208,88320,12,25,241,li,0,5,0.0
2209,88360,12,25,241,li,0,5,0.170507
2210,88400,12,25,241,li,0,5,1.0
2211,88440,12,25,241,li,5,7,0.0
2212,88480,12,25,241,li,5,7,0.829493
2213,88520,12,25,241,li,7,6,0.0
2214,88560,12,25,241,li,7,6,0.829493
2215,88600,12,25,241,li,7,6,1.0
2216,88640,12,25,241,li,2,5,0.0
2217,88680,12,25,241,li,2,5,0.430809
2218,88720,12,25,241,li,2,5,0.996374
2219,88760,12,25,241,li,5,4,0.0
2220,88800,12,25,241,li,5,4,0.430809
2221,88840,12,25,241,li,5,4,0.996374
2222,88880,12,25,241,li,5,4,1.0
2223,88920,12,25,241,li,4,4,0.0
2224,88960,12,25,241,li,4,4,0.430809
2225,89000,12,25,241,li,4,4,0.996374
2226,89040,12,25,241,li,4,5,0.0
2227,89080,12,25,241,li,4,5,0.829493
2228,89120,12,25,241,li,4,5,1.0
2229,89160,12,25,241,li,5,5,0.0
2230,89200,12,25,241,li,5,5,0.829493
2231,89240,12,25,241,li,5,5,0.0
2232,89280,12,25,241,li,5,5,1.0
2233,89320,12,25,241,li,5,5,0.0
2234,89360,12,25,241,li,5,5,0.430809
2235,89400,12,25,241,li,5,5,0.996374
2236,89440,12,25,241,li,5,5,1.0
2237,89480,12,25,241,li,5,5,0.0
2238,89520,12,25,241,li,5,5,1.0
2239,89560,12,25,241,li,5,5,0.0
2240,89600,12,25,241,li,2,5,0.0
2241,89640,12,25,241,li,2,5,0.829493
2242,89680,12,25,241,li,2,5,1.0
2243,89720,12,25,241,li,5,7,0.0
2244,89760,12,25,241,li,5,7,1.0
2245,89800,12,25,241,li,7,2,0.0
2246,89840,12,25,241,li,7,2,0.5
2247,89880,12,25,241,li,7,2,1.0
2248,89920,12,25,241,li,2,5,0.0
2249,89960,12,25,241,li,2,5,0.829493
2250,90000,12,25,241,li,5,5,0.0
2251,90040,12,25,241,li,5,5,1.0
2252,90080,12,25,241,li,5,5,0.0
2253,90120,12,25,241,li,5,5,1.0
2254,90160,12,25,241,li,5,5,0.0
2255,90200,12,25,241,li,5,5,1.0
2256,90240,12,25,241,li,5,7,0.0
2257,90280,12,25,241,li,5,7,0.430809
2258,90320,12,25,241,li,5,7,0.996374
2259,90360,12,25,241,li,5,7,1.0
2260,90400,12,25,241,li,7,2,0.0
2261,90440,12,25,241,li,7,2,0.209877
2262,90480,12,25,241,li,7,2,0.790123
2263,90520,12,25,241,li,2,5,0.0
2264,90560,12,25,241,li,2,5,0.829493
2265,90600,12,25,241,li,2,5,1.0
2266,90640,12,25,241,li,5,7,0.0
2267,90680,12,25,241,li,5,7,0.829493
2268,90720,12,25,241,li,7,6,0.0
2269,90760,12,25,241,li,7,6,0.430809
2270,90800,12,25,241,li,7,6,0.996374
2271,90840,12,25,241,li,4,3,0.0
2272,90880,12,25,241,li,4,3,0.430809
2273,90920,12,25,241,li,4,3,0.996374
2274,90960,12,25,241,li,3,3,0.0
2275,91000,12,25,241,li,3,3,1.0
2276,91040,12,25,241,li,3,3,0.0
2277,91080,12,25,241,li,3,3,1.0
2278,91120,12,25,241,li,3,2,0.0
2279,91160,12,25,241,li,2,4,0.0
2280,91200,12,25,241,li,2,4,1.0
2281,91240,12,25,241,li,4,4,1.0
2282,91280,12,25,241,li,4,2,0.0
2283,91320,12,25,241,li,4,2,0.5
2284,91360,12,25,241,li,2,4,0.0
2285,91400,12,25,241,li,2,4,0.829493
2286,91440,12,25,241,li,2,4,1.0
2287,91480,12,25,241,li,4,4,0.0
2288,91520,12,25,241,li,4,4,0.829493
2289,91560,12,25,241,li,2,5,0.0
2290,91600,12,25,241,li,2,5,0.829493
2291,91640,12,25,241,li,5,5,0.0
2292,91680,12,25,241,li,5,5,0.829493
2293,91720,12,25,241,li,5,5,0.0
2294,91760,12,25,241,li,5,5,0.230872
2295,91800,12,25,241,li,5,5,0.829493
2296,91840,12,25,241,li,5,5,1.0
2297,91880,12,25,241,li,5,5,1.0
