frame_id,time_ms,brow_head_l,brow_head_r,eyelid_open_l,eyelid_open_r,eye_h_attention_l,eye_h_attention_r,eye_v_attention_l,eye_v_attention_r,mouth_open,mouth_up_corner_l,mouth_up_corner_r,mouth_lip_upper_l,mouth_lip_upper_r,mouth_lip_lower,cheek_l,cheek_r
0,0,1.0,1.0,1.0,1.0,1.0,-1.0,1.0,-1.0,0.0,0.0,0.0,0.0,0.0,0.0,1.0,1.0
1,40,1.0,1.0,1.0,1.0,1.0,-1.0,1.0,-1.0,0.0,0.0,0.0,0.0,0.0,0.0,1.0,1.0
2,80,1.0,1.0,1.0,1.0,1.0,-1.0,1.0,-1.0,0.0,0.0,0.0,0.0,0.0,0.0,1.0,1.0
3,120,1.0,1.0,1.0,1.0,1.0,-1.0,1.0,-1.0,0.0,0.0,0.0,0.0,0.0,0.0,1.0,1.0
4,160,1.0,1.0,1.0,1.0,1.0,-1.0,1.0,-1.0,0.16,0.33,0.33,1.0,1.0,0.06,1.0,1.0
5,200,1.0,1.0,1.0,1.0,1.0,-1.0,1.0,-1.0,0.21,0.306667,0.306667,0.666666,0.666666,0.09,1.0,1.0
6,240,1.0,1.0,1.0,1.0,1.0,-1.0,1.0,-1.0,0.26,0.283333,0.283333,0.333334,0.333334,0.12,1.0,1.0
7,280,1.0,1.0,1.0,1.0,1.0,-1.0,1.0,-1.0,0.31,0.26,0.26,0.0,0.0,0.15,1.0,1.0
8,320,1.0,1.0,1.0,1.0,1.0,-1.0,1.0,-1.0,0.36,0.236667,0.236667,-0.333334,-0.333334,0.18,1.0,1.0
9,360,1.0,1.0,1.0,1.0,1.0,-1.0,1.0,-1.0,0.41,0.213333,0.213333,-0.666666,-0.666666,0.21,1.0,1.0
10,400,1.0,1.0,1.0,1.0,1.0,-1.0,1.0,-1.0,0.46,0.19,0.19,-1.0,-1.0,0.24,1.0,1.0
11,440,1.0,1.0,1.0,1.0,1.0,-1.0,1.0,-1.0,0.16,0.33,0.33,1.0,1.0,0.06,1.0,1.0
12,480,1.0,1.0,1.0,1.0,1.0,-1.0,1.0,-1.0,0.21,0.306667,0.306667,0.666666,0.666666,0.09,1.0,1.0
13,520,1.0,1.0,1.0,1.0,1.0,-1.0,1.0,-1.0,0.26,0.283333,0.283333,0.333334,0.333334,0.12,1.0,1.0
14,560,1.0,1.0,1.0,1.0,1.0,-1.0,1.0,-1.0,0.31,0.26,0.26,0.0,0.0,0.15,1.0,1.0
15,600,1.0,1.0,1.0,1.0,1.0,-1.0,1.0,-1.0,0.2325,0.195,0.195,0.0,0.0,0.1125,1.0,1.0
16,640,1.0,1.0,1.0,1.0,1.0,-1.0,1.0,-1.0,0.155,0.13,0.13,0.0,0.0,0.075,1.0,1.0
17,680,1.0,1.0,1.0,1.0,1.0,-1.0,1.0,-1.0,0.0775,0.065,0.065,0.0,0.0,0.0375,1.0,1.0
18,720,1.0,1.0,1.0,1.0,1.0,-1.0,1.0,-1.0,0.0,0.0,0.0,0.0,0.0,0.0,1.0,1.0
19,760,1.0,1.0,1.0,1.0,1.0,-1.0,1.0,-1.0,0.0,0.0,0.0,0.0,0.0,0.0,1.0,1.0
20,800,1.0,1.0,1.0,1.0,1.0,-1.0,1.0,-1.0,0.16,0.33,0.33,1.0,1.0,0.06,1.0,1.0
21,840,1.0,1.0,1.0,1.0,1.0,-1.0,1.0,-1.0,0.16,0.33,0.33,1.0,1.0,0.06,1.0,1.0
22,880,1.0,1.0,1.0,1.0,1.0,-1.0,1.0,-1.0,0.16,0.33,0.33,1.0,1.0,0.06,1.0,1.0
23,920,1.0,1.0,1.0,1.0,1.0,-1.0,1.0,-1.0,0.16,0.33,0.33,1.0,1.0,0.06,1.0,1.0
24,960,1.0,1.0,1.0,1.0,1.0,-1.0,1.0,-1.0,0.16,0.33,0.33,1.0,1.0,0.06,1.0,1.0
25,1000,1.0,1.0,1.0,1.0,1.0,-1.0,1.0,-1.0,0.16,0.33,0.33,1.0,1.0,0.06,1.0,1.0
26,1040,1.0,1.0,1.0,1.0,1.0,-1.0,1.0,-1.0,0.12,0.2475,0.2475,0.75,0.75,0.045,1.0,1.0
27,1080,1.0,1.0,1.0,1.0,1.0,-1.0,1.0,-1.0,0.08,0.165,0.165,0.5,0.5,0.03,1.0,1.0
28,1120,1.0,1.0,1.0,1.0,1.0,-1.0,1.0,-1.0,0.04,0.0825,0.0825,0.25,0.25,0.015,1.0,1.0
29,1160,1.0,1.0,1.0,1.0,1.0,-1.0,1.0,-1.0,0.0,0.0,0.0,0.0,0.0,0.0,1.0,1.0
30,1200,1.0,1.0,1.0,1.0,1.0,-1.0,1.0,-1.0,0.0,0.0,0.0,0.0,0.0,0.0,1.0,1.0
31,1240,1.0,1.0,1.0,1.0,1.0,-1.0,1.0,-1.0,0.0,0.0,0.0,0.0,0.0,0.0,1.0,1.0
32,1280,1.0,1.0,1.0,1.0,1.0,-1.0,1.0,-1.0,0.0,0.0,0.0,0.0,0.0,0.0,1.0,1.0
33,1320,1.0,1.0,1.0,1.0,1.0,-1.0,1.0,-1.0,0.0,0.0,0.0,0.0,0.0,0.0,1.0,1.0
34,1360,1.0,1.0,1.0,1.0,1.0,-1.0,1.0,-1.0,0.0,0.0,0.0,0.0,0.0,0.0,1.0,1.0
35,1400,1.0,1.0,1.0,1.0,1.0,-1.0,1.0,-1.0,0.0,0.0,0.0,0.0,0.0,0.0,1.0,1.0
36,1440,1.0,1.0,1.0,1.0,1.0,-1.0,1.0,-1.0,0.0,0.0,0.0,0.0,0.0,0.0,1.0,1.0
37,1480,1.0,1.0,1.0,1.0,1.0,-1.0,1.0,-1.0,0.0,0.0,0.0,0.0,0.0,0.0,1.0,1.0
38,1520,1.0,1.0,1.0,1.0,1.0,-1.0,1.0,-1.0,0.16,0.33,0.33,1.0,1.0,0.06,1.0,1.0
39,1560,1.0,1.0,1.0,1.0,1.0,-1.0,1.0,-1.0,0.13,-1.0,-1.0,0.02,0.02,0.06,1.0,1.0
40,1600,1.0,1.0,1.0,1.0,1.0,-1.0,1.0,-1.0,0.156667,-1.0,-1.0,0.023333,0.023333,0.103333,1.0,1.0
41,1640,1.0,1.0,1.0,1.0,1.0,-1.0,1.0,-1.0,0.183333,-1.0,-1.0,0.026667,0.026667,0.146667,1.0,1.0
42,1680,1.0,1.0,1.0,1.0,1.0,-1.0,1.0,-1.0,0.21,-1.0,-1.0,0.03,0.03,0.19,1.0,1.0
43,1720,1.0,1.0,1.0,1.0,1.0,-1.0,1.0,-1.0,0.236667,-1.0,-1.0,0.033333,0.033333,0.233333,1.0,1.0
44,1760,1.0,1.0,1.0,1.0,1.0,-1.0,1.0,-1.0,0.263333,-1.0,-1.0,0.036667,0.036667,0.276667,1.0,1.0
45,1800,1.0,1.0,1.0,1.0,1.0,-1.0,1.0,-1.0,0.29,-1.0,-1.0,0.04,0.04,0.32,1.0,1.0
46,1840,1.0,1.0,1.0,1.0,1.0,-1.0,1.0,-1.0,0.16,0.33,0.33,1.0,1.0,0.06,1.0,1.0
47,1880,1.0,1.0,1.0,1.0,1.0,-1.0,1.0,-1.0,0.16,0.33,0.33,1.0,1.0,0.06,1.0,1.0
48,1920,1.0,1.0,1.0,1.0,1.0,-1.0,1.0,-1.0,0.16,0.33,0.33,1.0,1.0,0.06,1.0,1.0
49,1960,1.0,1.0,1.0,1.0,1.0,-1.0,1.0,-1.0,0.16,0.33,0.33,1.0,1.0,0.06,1.0,1.0
50,2000,1.0,1.0,1.0,1.0,1.0,-1.0,1.0,-1.0,0.16,0.33,0.33,1.0,1.0,0.06,1.0,1.0
51,2040,1.0,1.0,1.0,1.0,1.0,-1.0,1.0,-1.0,0.16,0.33,0.33,1.0,1.0,0.06,1.0,1.0
52,2080,1.0,1.0,1.0,1.0,1.0,-1.0,1.0,-1.0,0.16,0.33,0.33,1.0,1.0,0.06,1.0,1.0
53,2120,1.0,1.0,1.0,1.0,1.0,-1.0,1.0,-1.0,0.12,0.2475,0.2475,0.75,0.75,0.045,1.0,1.0
54,2160,1.0,1.0,1.0,1.0,1.0,-1.0,1.0,-1.0,0.08,0.165,0.165,0.5,0.5,0.03,1.0,1.0
55,2200,1.0,1.0,1.0,1.0,1.0,-1.0,1.0,-1.0,0.04,0.0825,0.0825,0.25,0.25,0.015,1.0,1.0
56,2240,1.0,1.0,1.0,1.0,1.0,-1.0,1.0,-1.0,0.0,0.0,0.0,0.0,0.0,0.0,1.0,1.0
57,2280,1.0,1.0,1.0,1.0,1.0,-1.0,1.0,-1.0,0.0,0.0,0.0,0.0,0.0,0.0,1.0,1.0
58,2320,1.0,1.0,1.0,1.0,1.0,-1.0,1.0,-1.0,0.0,0.0,0.0,0.0,0.0,0.0,1.0,1.0
59,2360,1.0,1.0,1.0,1.0,1.0,-1.0,1.0,-1.0,0.0,0.0,0.0,0.0,0.0,0.0,1.0,1.0
60,2400,1.0,1.0,1.0,1.0,1.0,-1.0,1.0,-1.0,0.0,0.0,0.0,0.0,0.0,0.0,1.0,1.0
61,2440,1.0,1.0,1.0,1.0,1.0,-1.0,1.0,-1.0,0.0,0.0,0.0,0.0,0.0,0.0,1.0,1.0
62,2480,1.0,1.0,1.0,1.0,1.0,-1.0,1.0,-1.0,0.0,0.0,0.0,0.0,0.0,0.0,1.0,1.0
63,2520,1.0,1.0,1.0,1.0,1.0,-1.0,1.0,-1.0,0.16,0.33,0.33,1.0,1.0,0.06,1.0,1.0
64,2560,1.0,1.0,1.0,1.0,1.0,-1.0,1.0,-1.0,0.16,0.33,0.33,1.0,1.0,0.06,1.0,1.0
65,2600,1.0,1.0,1.0,1.0,1.0,-1.0,1.0,-1.0,0.16,0.33,0.33,1.0,1.0,0.06,1.0,1.0
66,2640,1.0,1.0,1.0,1.0,1.0,-1.0,1.0,-1.0,0.16,0.33,0.33,1.0,1.0,0.06,1.0,1.0
67,2680,1.0,1.0,1.0,1.0,1.0,-1.0,1.0,-1.0,0.12,0.2475,0.2475,0.75,0.75,0.045,1.0,1.0
68,2720,1.0,1.0,1.0,1.0,1.0,-1.0,1.0,-1.0,0.08,0.165,0.165,0.5,0.5,0.03,1.0,1.0
69,2760,1.0,1.0,1.0,1.0,1.0,-1.0,1.0,-1.0,0.04,0.0825,0.0825,0.25,0.25,0.015,1.0,1.0
70,2800,1.0,1.0,1.0,1.0,1.0,-1.0,1.0,-1.0,0.0,0.0,0.0,0.0,0.0,0.0,1.0,1.0
71,2840,1.0,1.0,1.0,1.0,1.0,-1.0,1.0,-1.0,0.0,0.0,0.0,0.0,0.0,0.0,1.0,1.0
72,2880,1.0,1.0,1.0,1.0,1.0,-1.0,1.0,-1.0,0.0,0.0,0.0,0.0,0.0,0.0,1.0,1.0
73,2920,1.0,1.0,1.0,1.0,1.0,-1.0,1.0,-1.0,0.0,0.0,0.0,0.0,0.0,0.0,1.0,1.0
74,2960,1.0,1.0,1.0,1.0,1.0,-1.0,1.0,-1.0,0.16,0.33,0.33,1.0,1.0,0.06,1.0,1.0
75,3000,1.0,1.0,1.0,1.0,1.0,-1.0,1.0,-1.0,0.16,0.33,0.33,1.0,1.0,0.06,1.0,1.0
76,3040,1.0,1.0,1.0,1.0,1.0,-1.0,1.0,-1.0,0.16,0.33,0.33,1.0,1.0,0.06,1.0,1.0
77,3080,1.0,1.0,1.0,1.0,1.0,-1.0,1.0,-1.0,0.16,0.33,0.33,1.0,1.0,0.06,1.0,1.0
78,3120,1.0,1.0,1.0,1.0,1.0,-1.0,1.0,-1.0,0.16,0.33,0.33,1.0,1.0,0.06,1.0,1.0
79,3160,1.0,1.0,1.0,1.0,1.0,-1.0,1.0,-1.0,0.16,0.33,0.33,1.0,1.0,0.06,1.0,1.0
80,3200,1.0,1.0,1.0,1.0,1.0,-1.0,1.0,-1.0,0.16,0.33,0.33,1.0,1.0,0.06,1.0,1.0
81,3240,1.0,1.0,1.0,1.0,1.0,-1.0,1.0,-1.0,0.16,0.33,0.33,1.0,1.0,0.06,1.0,1.0
82,3280,1.0,1.0,1.0,1.0,1.0,-1.0,1.0,-1.0,0.16,0.33,0.33,1.0,1.0,0.06,1.0,1.0
83,3320,1.0,1.0,1.0,1.0,1.0,-1.0,1.0,-1.0,0.16,0.33,0.33,1.0,1.0,0.06,1.0,1.0
84,3360,1.0,1.0,1.0,1.0,1.0,-1.0,1.0,-1.0,0.16,0.33,0.33,1.0,1.0,0.06,1.0,1.0
85,3400,1.0,1.0,1.0,1.0,1.0,-1.0,1.0,-1.0,0.16,0.33,0.33,1.0,1.0,0.06,1.0,1.0
86,3440,1.0,1.0,1.0,1.0,1.0,-1.0,1.0,-1.0,0.16,0.33,0.33,1.0,1.0,0.06,1.0,1.0
87,3480,1.0,1.0,1.0,1.0,1.0,-1.0,1.0,-1.0,0.16,0.33,0.33,1.0,1.0,0.06,1.0,1.0
88,3520,1.0,1.0,1.0,1.0,1.0,-1.0,1.0,-1.0,0.13,-1.0,-1.0,0.02,0.02,0.06,1.0,1.0
89,3560,1.0,1.0,1.0,1.0,1.0,-1.0,1.0,-1.0,0.156667,-1.0,-1.0,0.023333,0.023333,0.103333,1.0,1.0
90,3600,1.0,1.0,1.0,1.0,1.0,-1.0,1.0,-1.0,0.183333,-1.0,-1.0,0.026667,0.026667,0.146667,1.0,1.0
91,3640,1.0,1.0,1.0,1.0,1.0,-1.0,1.0,-1.0,0.21,-1.0,-1.0,0.03,0.03,0.19,1.0,1.0
92,3680,1.0,1.0,1.0,1.0,1.0,-1.0,1.0,-1.0,0.236667,-1.0,-1.0,0.033333,0.033333,0.233333,1.0,1.0
93,3720,1.0,1.0,1.0,1.0,1.0,-1.0,1.0,-1.0,0.1775,-0.75,-0.75,0.025,0.025,0.175,1.0,1.0
94,3760,1.0,1.0,1.0,1.0,1.0,-1.0,1.0,-1.0,0.118334,-0.5,-0.5,0.016666,0.016666,0.116667,1.0,1.0
95,3800,1.0,1.0,1.0,1.0,1.0,-1.0,1.0,-1.0,0.059167,-0.25,-0.25,0.008333,0.008333,0.058333,1.0,1.0
96,3840,1.0,1.0,1.0,1.0,1.0,-1.0,1.0,-1.0,0.0,0.0,0.0,0.0,0.0,0.0,1.0,1.0
97,3880,1.0,1.0,1.0,1.0,1.0,-1.0,1.0,-1.0,0.0,0.0,0.0,0.0,0.0,0.0,1.0,1.0
98,3920,1.0,1.0,1.0,1.0,1.0,-1.0,1.0,-1.0,0.0,0.0,0.0,0.0,0.0,0.0,1.0,1.0
99,3960,1.0,1.0,1.0,1.0,1.0,-1.0,1.0,-1.0,0.0,0.0,0.0,0.0,0.0,0.0,1.0,1.0
100,4000,1.0,1.0,1.0,1.0,1.0,-1.0,1.0,-1.0,0.0,0.0,0.0,0.0,0.0,0.0,1.0,1.0
101,4040,1.0,1.0,1.0,1.0,1.0,-1.0,1.0,-1.0,0.0,0.0,0.0,0.0,0.0,0.0,1.0,1.0
102,4080,1.0,1.0,1.0,1.0,1.0,-1.0,1.0,-1.0,0.0,0.0,0.0,0.0,0.0,0.0,1.0,1.0
103,4120,1.0,1.0,1.0,1.0,1.0,-1.0,1.0,-1.0,0.0,0.0,0.0,0.0,0.0,0.0,1.0,1.0
104,4160,1.0,1.0,1.0,1.0,1.0,-1.0,1.0,-1.0,0.0,0.0,0.0,0.0,0.0,0.0,1.0,1.0
105,4200,1.0,1.0,1.0,1.0,1.0,-1.0,1.0,-1.0,0.375,-0.405,-0.405,-0.48,-0.48,0.28,1.0,1.0
106,4240,1.0,1.0,1.0,1.0,1.0,-1.0,1.0,-1.0,0.403333,-0.206666,-0.206666,-0.653334,-0.653334,0.266667,1.0,1.0
107,4280,1.0,1.0,1.0,1.0,1.0,-1.0,1.0,-1.0,0.431667,-0.008334,-0.008334,-0.826666,-0.826666,0.253333,1.0,1.0
108,4320,1.0,1.0,1.0,1.0,1.0,-1.0,1.0,-1.0,0.46,0.19,0.19,-1.0,-1.0,0.24,1.0,1.0
109,4360,1.0,1.0,1.0,1.0,1.0,-1.0,1.0,-1.0,0.13,-1.0,-1.0,0.02,0.02,0.06,1.0,1.0
110,4400,1.0,1.0,1.0,1.0,1.0,-1.0,1.0,-1.0,0.156667,-1.0,-1.0,0.023333,0.023333,0.103333,1.0,1.0
111,4440,1.0,1.0,1.0,1.0,1.0,-1.0,1.0,-1.0,0.183333,-1.0,-1.0,0.026667,0.026667,0.146667,1.0,1.0
112,4480,1.0,1.0,1.0,1.0,1.0,-1.0,1.0,-1.0,0.21,-1.0,-1.0,0.03,0.03,0.19,1.0,1.0
113,4520,1.0,1.0,1.0,1.0,1.0,-1.0,1.0,-1.0,0.236667,-1.0,-1.0,0.033333,0.033333,0.233333,1.0,1.0
114,4560,1.0,1.0,1.0,1.0,1.0,-1.0,1.0,-1.0,0.263333,-1.0,-1.0,0.036667,0.036667,0.276667,1.0,1.0
115,4600,1.0,1.0,1.0,1.0,1.0,-1.0,1.0,-1.0,0.29,-1.0,-1.0,0.04,0.04,0.32,1.0,1.0
116,4640,1.0,1.0,1.0,1.0,1.0,-1.0,1.0,-1.0,0.29,-1.0,-1.0,0.04,0.04,0.32,1.0,1.0
117,4680,1.0,1.0,1.0,1.0,1.0,-1.0,1.0,-1.0,0.29,-1.0,-1.0,0.04,0.04,0.32,1.0,1.0
118,4720,1.0,1.0,1.0,1.0,1.0,-1.0,1.0,-1.0,0.29,-1.0,-1.0,0.04,0.04,0.32,1.0,1.0
119,4760,1.0,1.0,1.0,1.0,1.0,-1.0,1.0,-1.0,0.29,-1.0,-1.0,0.04,0.04,0.32,1.0,1.0
120,4800,1.0,1.0,1.0,1.0,1.0,-1.0,1.0,-1.0,0.29,-1.0,-1.0,0.04,0.04,0.32,1.0,1.0
121,4840,1.0,1.0,1.0,1.0,1.0,-1.0,1.0,-1.0,0.29,-1.0,-1.0,0.04,0.04,0.32,1.0,1.0
122,4880,1.0,1.0,1.0,1.0,1.0,-1.0,1.0,-1.0,0.29,-1.0,-1.0,0.04,0.04,0.32,1.0,1.0
123,4920,1.0,1.0,1.0,1.0,1.0,-1.0,1.0,-1.0,0.16,0.33,0.33,1.0,1.0,0.06,1.0,1.0
124,4960,1.0,1.0,1.0,1.0,1.0,-1.0,1.0,-1.0,0.16,0.33,0.33,1.0,1.0,0.06,1.0,1.0
125,5000,1.0,1.0,1.0,1.0,1.0,-1.0,1.0,-1.0,0.16,0.33,0.33,1.0,1.0,0.06,1.0,1.0
126,5040,1.0,1.0,1.0,1.0,1.0,-1.0,1.0,-1.0,0.106667,0.22,0.22,0.666667,0.666667,0.04,1.0,1.0
127,5080,1.0,1.0,1.0,1.0,1.0,-1.0,1.0,-1.0,0.053333,0.11,0.11,0.333333,0.333333,0.02,1.0,1.0
128,5120,1.0,1.0,1.0,1.0,1.0,-1.0,1.0,-1.0,0.0,0.0,0.0,0.0,0.0,0.0,1.0,1.0
129,5160,1.0,1.0,1.0,1.0,1.0,-1.0,1.0,-1.0,0.16,0.33,0.33,1.0,1.0,0.06,1.0,1.0
130,5200,1.0,1.0,1.0,1.0,1.0,-1.0,1.0,-1.0,0.16,0.33,0.33,1.0,1.0,0.06,1.0,1.0
131,5240,1.0,1.0,1.0,1.0,1.0,-1.0,1.0,-1.0,0.16,0.33,0.33,1.0,1.0,0.06,1.0,1.0
132,5280,1.0,1.0,1.0,1.0,1.0,-1.0,1.0,-1.0,0.16,0.33,0.33,1.0,1.0,0.06,1.0,1.0
133,5320,1.0,1.0,1.0,1.0,1.0,-1.0,1.0,-1.0,0.16,0.33,0.33,1.0,1.0,0.06,1.0,1.0
134,5360,1.0,1.0,1.0,1.0,1.0,-1.0,1.0,-1.0,0.16,0.33,0.33,1.0,1.0,0.06,1.0,1.0
135,5400,1.0,1.0,1.0,1.0,1.0,-1.0,1.0,-1.0,0.16,0.33,0.33,1.0,1.0,0.06,1.0,1.0
136,5440,1.0,1.0,1.0,1.0,1.0,-1.0,1.0,-1.0,0.16,0.33,0.33,1.0,1.0,0.06,1.0,1.0
137,5480,1.0,1.0,1.0,1.0,1.0,-1.0,1.0,-1.0,0.13,-1.0,-1.0,0.02,0.02,0.06,1.0,1.0
138,5520,1.0,1.0,1.0,1.0,1.0,-1.0,1.0,-1.0,0.156667,-1.0,-1.0,0.023333,0.023333,0.103333,1.0,1.0
139,5560,1.0,1.0,1.0,1.0,1.0,-1.0,1.0,-1.0,0.183333,-1.0,-1.0,0.026667,0.026667,0.146667,1.0,1.0
140,5600,1.0,1.0,1.0,1.0,1.0,-1.0,1.0,-1.0,0.21,-1.0,-1.0,0.03,0.03,0.19,1.0,1.0
141,5640,1.0,1.0,1.0,1.0,1.0,-1.0,1.0,-1.0,0.236667,-1.0,-1.0,0.033333,0.033333,0.233333,1.0,1.0
142,5680,1.0,1.0,1.0,1.0,1.0,-1.0,1.0,-1.0,0.157778,-0.666667,-0.666667,0.022222,0.022222,0.155555,1.0,1.0
143,5720,1.0,1.0,1.0,1.0,1.0,-1.0,1.0,-1.0,0.078889,-0.333333,-0.333333,0.011111,0.011111,0.077778,1.0,1.0
144,5760,1.0,1.0,1.0,1.0,1.0,-1.0,1.0,-1.0,0.0,0.0,0.0,0.0,0.0,0.0,1.0,1.0
145,5800,1.0,1.0,1.0,1.0,1.0,-1.0,1.0,-1.0,0.162,-1.0,-1.0,0.024,0.024,0.112,1.0,1.0
146,5840,1.0,1.0,1.0,1.0,1.0,-1.0,1.0,-1.0,0.194,-1.0,-1.0,0.028,0.028,0.164,1.0,1.0
147,5880,1.0,1.0,1.0,1.0,1.0,-1.0,1.0,-1.0,0.1455,-0.75,-0.75,0.021,0.021,0.123,1.0,1.0
148,5920,1.0,1.0,1.0,1.0,1.0,-1.0,1.0,-1.0,0.097,-0.5,-0.5,0.014,0.014,0.082,1.0,1.0
149,5960,1.0,1.0,1.0,1.0,1.0,-1.0,1.0,-1.0,0.0485,-0.25,-0.25,0.007,0.007,0.041,1.0,1.0
150,6000,1.0,1.0,1.0,1.0,1.0,-1.0,1.0,-1.0,0.0,0.0,0.0,0.0,0.0,0.0,1.0,1.0
151,6040,1.0,1.0,1.0,1.0,1.0,-1.0,1.0,-1.0,0.0,0.0,0.0,0.0,0.0,0.0,1.0,1.0
152,6080,1.0,1.0,1.0,1.0,1.0,-1.0,1.0,-1.0,0.0,0.0,0.0,0.0,0.0,0.0,1.0,1.0
153,6120,1.0,1.0,1.0,1.0,1.0,-1.0,1.0,-1.0,0.0,0.0,0.0,0.0,0.0,0.0,1.0,1.0
154,6160,1.0,1.0,1.0,1.0,1.0,-1.0,1.0,-1.0,0.0,0.0,0.0,0.0,0.0,0.0,1.0,1.0
155,6200,1.0,1.0,1.0,1.0,1.0,-1.0,1.0,-1.0,0.3,-0.16,-0.16,-1.0,-1.0,0.18,1.0,1.0
156,6240,1.0,1.0,1.0,1.0,1.0,-1.0,1.0,-1.0,0.29,-1.0,-1.0,0.04,0.04,0.32,1.0,1.0
157,6280,1.0,1.0,1.0,1.0,1.0,-1.0,1.0,-1.0,0.29,-1.0,-1.0,0.04,0.04,0.32,1.0,1.0
158,6320,1.0,1.0,1.0,1.0,1.0,-1.0,1.0,-1.0,0.29,-1.0,-1.0,0.04,0.04,0.32,1.0,1.0
159,6360,1.0,1.0,1.0,1.0,1.0,-1.0,1.0,-1.0,0.29,-1.0,-1.0,0.04,0.04,0.32,1.0,1.0
160,6400,1.0,1.0,1.0,1.0,1.0,-1.0,1.0,-1.0,0.29,-1.0,-1.0,0.04,0.04,0.32,1.0,1.0
161,6440,1.0,1.0,1.0,1.0,1.0,-1.0,1.0,-1.0,0.29,-1.0,-1.0,0.04,0.04,0.32,1.0,1.0
162,6480,1.0,1.0,1.0,1.0,1.0,-1.0,1.0,-1.0,0.16,0.33,0.33,1.0,1.0,0.06,1.0,1.0
163,6520,1.0,1.0,1.0,1.0,1.0,-1.0,1.0,-1.0,0.16,0.464,0.464,0.81,0.81,0.072,1.0,1.0
164,6560,1.0,1.0,1.0,1.0,1.0,-1.0,1.0,-1.0,0.16,0.598,0.598,0.62,0.62,0.084,1.0,1.0
165,6600,1.0,1.0,1.0,1.0,1.0,-1.0,1.0,-1.0,0.16,0.732,0.732,0.43,0.43,0.096,1.0,1.0
166,6640,1.0,1.0,1.0,1.0,1.0,-1.0,1.0,-1.0,0.16,0.866,0.866,0.24,0.24,0.108,1.0,1.0
167,6680,1.0,1.0,1.0,1.0,1.0,-1.0,1.0,-1.0,0.16,1.0,1.0,0.05,0.05,0.12,1.0,1.0
168,6720,1.0,1.0,1.0,1.0,1.0,-1.0,1.0,-1.0,0.13,-1.0,-1.0,0.02,0.02,0.06,1.0,1.0
169,6760,1.0,1.0,1.0,1.0,1.0,-1.0,1.0,-1.0,0.136,-0.734,-0.734,0.216,0.216,0.06,1.0,1.0
170,6800,1.0,1.0,1.0,1.0,1.0,-1.0,1.0,-1.0,0.142,-0.468,-0.468,0.412,0.412,0.06,1.0,1.0
171,6840,1.0,1.0,1.0,1.0,1.0,-1.0,1.0,-1.0,0.148,-0.202,-0.202,0.608,0.608,0.06,1.0,1.0
172,6880,1.0,1.0,1.0,1.0,1.0,-1.0,1.0,-1.0,0.154,0.064,0.064,0.804,0.804,0.06,1.0,1.0
173,6920,1.0,1.0,1.0,1.0,1.0,-1.0,1.0,-1.0,0.16,0.33,0.33,1.0,1.0,0.06,1.0,1.0
174,6960,1.0,1.0,1.0,1.0,1.0,-1.0,1.0,-1.0,0.12,0.2475,0.2475,0.75,0.75,0.045,1.0,1.0
175,7000,1.0,1.0,1.0,1.0,1.0,-1.0,1.0,-1.0,0.08,0.165,0.165,0.5,0.5,0.03,1.0,1.0
176,7040,1.0,1.0,1.0,1.0,1.0,-1.0,1.0,-1.0,0.04,0.0825,0.0825,0.25,0.25,0.015,1.0,1.0
177,7080,1.0,1.0,1.0,1.0,1.0,-1.0,1.0,-1.0,0.0,0.0,0.0,0.0,0.0,0.0,1.0,1.0
178,7120,1.0,1.0,1.0,1.0,1.0,-1.0,1.0,-1.0,0.266,-0.328,-0.328,-0.796,-0.796,0.156,1.0,1.0
179,7160,1.0,1.0,1.0,1.0,1.0,-1.0,1.0,-1.0,0.3,-0.16,-0.16,-1.0,-1.0,0.18,1.0,1.0
180,7200,1.0,1.0,1.0,1.0,1.0,-1.0,1.0,-1.0,0.13,-1.0,-1.0,0.02,0.02,0.06,1.0,1.0
181,7240,1.0,1.0,1.0,1.0,1.0,-1.0,1.0,-1.0,0.162,-1.0,-1.0,0.024,0.024,0.112,1.0,1.0
182,7280,1.0,1.0,1.0,1.0,1.0,-1.0,1.0,-1.0,0.194,-1.0,-1.0,0.028,0.028,0.164,1.0,1.0
183,7320,1.0,1.0,1.0,1.0,1.0,-1.0,1.0,-1.0,0.226,-1.0,-1.0,0.032,0.032,0.216,1.0,1.0
184,7360,1.0,1.0,1.0,1.0,1.0,-1.0,1.0,-1.0,0.258,-1.0,-1.0,0.036,0.036,0.268,1.0,1.0
185,7400,1.0,1.0,1.0,1.0,1.0,-1.0,1.0,-1.0,0.29,-1.0,-1.0,0.04,0.04,0.32,1.0,1.0
186,7440,1.0,1.0,1.0,1.0,1.0,-1.0,1.0,-1.0,0.13,-1.0,-1.0,0.02,0.02,0.06,1.0,1.0
187,7480,1.0,1.0,1.0,1.0,1.0,-1.0,1.0,-1.0,0.136,-0.734,-0.734,0.216,0.216,0.06,1.0,1.0
188,7520,1.0,1.0,1.0,1.0,1.0,-1.0,1.0,-1.0,0.142,-0.468,-0.468,0.412,0.412,0.06,1.0,1.0
189,7560,1.0,1.0,1.0,1.0,1.0,-1.0,1.0,-1.0,0.148,-0.202,-0.202,0.608,0.608,0.06,1.0,1.0
190,7600,1.0,1.0,1.0,1.0,1.0,-1.0,1.0,-1.0,0.154,0.064,0.064,0.804,0.804,0.06,1.0,1.0
191,7640,1.0,1.0,1.0,1.0,1.0,-1.0,1.0,-1.0,0.16,0.33,0.33,1.0,1.0,0.06,1.0,1.0
192,7680,1.0,1.0,1.0,1.0,1.0,-1.0,1.0,-1.0,0.13,-1.0,-1.0,0.02,0.02,0.06,1.0,1.0
193,7720,1.0,1.0,1.0,1.0,1.0,-1.0,1.0,-1.0,0.164,-0.832,-0.832,-0.184,-0.184,0.084,1.0,1.0
194,7760,1.0,1.0,1.0,1.0,1.0,-1.0,1.0,-1.0,0.198,-0.664,-0.664,-0.388,-0.388,0.108,1.0,1.0
195,7800,1.0,1.0,1.0,1.0,1.0,-1.0,1.0,-1.0,0.232,-0.496,-0.496,-0.592,-0.592,0.132,1.0,1.0
196,7840,1.0,1.0,1.0,1.0,1.0,-1.0,1.0,-1.0,0.266,-0.328,-0.328,-0.796,-0.796,0.156,1.0,1.0
197,7880,1.0,1.0,1.0,1.0,1.0,-1.0,1.0,-1.0,0.3,-0.16,-0.16,-1.0,-1.0,0.18,1.0,1.0
198,7920,1.0,1.0,1.0,1.0,1.0,-1.0,1.0,-1.0,0.29,-1.0,-1.0,0.04,0.04,0.32,1.0,1.0
199,7960,1.0,1.0,1.0,1.0,1.0,-1.0,1.0,-1.0,0.29,-1.0,-1.0,0.04,0.04,0.32,1.0,1.0
200,8000,1.0,1.0,1.0,1.0,1.0,-1.0,1.0,-1.0,0.29,-1.0,-1.0,0.04,0.04,0.32,1.0,1.0
201,8040,1.0,1.0,1.0,1.0,1.0,-1.0,1.0,-1.0,0.193333,-0.666667,-0.666667,0.026667,0.026667,0.213333,1.0,1.0
202,8080,1.0,1.0,1.0,1.0,1.0,-1.0,1.0,-1.0,0.096667,-0.333333,-0.333333,0.013333,0.013333,0.106667,1.0,1.0
203,8120,1.0,1.0,1.0,1.0,1.0,-1.0,1.0,-1.0,0.0,0.0,0.0,0.0,0.0,0.0,1.0,1.0
204,8160,1.0,1.0,1.0,1.0,1.0,-1.0,1.0,-1.0,0.13,-1.0,-1.0,0.02,0.02,0.06,1.0,1.0
205,8200,1.0,1.0,1.0,1.0,1.0,-1.0,1.0,-1.0,0.164,-0.832,-0.832,-0.184,-0.184,0.084,1.0,1.0
206,8240,1.0,1.0,1.0,1.0,1.0,-1.0,1.0,-1.0,0.198,-0.664,-0.664,-0.388,-0.388,0.108,1.0,1.0
207,8280,1.0,1.0,1.0,1.0,1.0,-1.0,1.0,-1.0,0.232,-0.496,-0.496,-0.592,-0.592,0.132,1.0,1.0
208,8320,1.0,1.0,1.0,1.0,1.0,-1.0,1.0,-1.0,0.266,-0.328,-0.328,-0.796,-0.796,0.156,1.0,1.0
209,8360,1.0,1.0,1.0,1.0,1.0,-1.0,1.0,-1.0,0.3,-0.16,-0.16,-1.0,-1.0,0.18,1.0,1.0
210,8400,1.0,1.0,1.0,1.0,1.0,-1.0,1.0,-1.0,0.29,-1.0,-1.0,0.04,0.04,0.32,1.0,1.0
211,8440,1.0,1.0,1.0,1.0,1.0,-1.0,1.0,-1.0,0.324,-0.762,-0.762,-0.168,-0.168,0.304,1.0,1.0
212,8480,1.0,1.0,1.0,1.0,1.0,-1.0,1.0,-1.0,0.358,-0.524,-0.524,-0.376,-0.376,0.288,1.0,1.0
213,8520,1.0,1.0,1.0,1.0,1.0,-1.0,1.0,-1.0,0.392,-0.286,-0.286,-0.584,-0.584,0.272,1.0,1.0
214,8560,1.0,1.0,1.0,1.0,1.0,-1.0,1.0,-1.0,0.426,-0.048,-0.048,-0.792,-0.792,0.256,1.0,1.0
215,8600,1.0,1.0,1.0,1.0,1.0,-1.0,1.0,-1.0,0.46,0.19,0.19,-1.0,-1.0,0.24,1.0,1.0
216,8640,1.0,1.0,1.0,1.0,1.0,-1.0,1.0,-1.0,0.13,-1.0,-1.0,0.02,0.02,0.06,1.0,1.0
217,8680,1.0,1.0,1.0,1.0,1.0,-1.0,1.0,-1.0,0.136,-0.734,-0.734,0.216,0.216,0.06,1.0,1.0
218,8720,1.0,1.0,1.0,1.0,1.0,-1.0,1.0,-1.0,0.142,-0.468,-0.468,0.412,0.412,0.06,1.0,1.0
219,8760,1.0,1.0,1.0,1.0,1.0,-1.0,1.0,-1.0,0.148,-0.202,-0.202,0.608,0.608,0.06,1.0,1.0
220,8800,1.0,1.0,1.0,1.0,1.0,-1.0,1.0,-1.0,0.154,0.064,0.064,0.804,0.804,0.06,1.0,1.0
221,8840,1.0,1.0,1.0,1.0,1.0,-1.0,1.0,-1.0,0.16,0.33,0.33,1.0,1.0,0.06,1.0,1.0
222,8880,1.0,1.0,1.0,1.0,1.0,-1.0,1.0,-1.0,0.13,-1.0,-1.0,0.02,0.02,0.06,1.0,1.0
223,8920,1.0,1.0,1.0,1.0,1.0,-1.0,1.0,-1.0,0.162,-1.0,-1.0,0.024,0.024,0.112,1.0,1.0
224,8960,1.0,1.0,1.0,1.0,1.0,-1.0,1.0,-1.0,0.194,-1.0,-1.0,0.028,0.028,0.164,1.0,1.0
225,9000,1.0,1.0,1.0,1.0,1.0,-1.0,1.0,-1.0,0.226,-1.0,-1.0,0.032,0.032,0.216,1.0,1.0
226,9040,1.0,1.0,1.0,1.0,1.0,-1.0,1.0,-1.0,0.1695,-0.75,-0.75,0.024,0.024,0.162,1.0,1.0
227,9080,1.0,1.0,1.0,1.0,1.0,-1.0,1.0,-1.0,0.113,-0.5,-0.5,0.016,0.016,0.108,1.0,1.0
228,9120,1.0,1.0,1.0,1.0,1.0,-1.0,1.0,-1.0,0.0565,-0.25,-0.25,0.008,0.008,0.054,1.0,1.0
229,9160,1.0,1.0,1.0,1.0,1.0,-1.0,1.0,-1.0,0.0,0.0,0.0,0.0,0.0,0.0,1.0,1.0
230,9200,1.0,1.0,1.0,1.0,1.0,-1.0,1.0,-1.0,0.0,0.0,0.0,0.0,0.0,0.0,1.0,1.0
231,9240,1.0,1.0,1.0,1.0,1.0,-1.0,1.0,-1.0,0.0,0.0,0.0,0.0,0.0,0.0,1.0,1.0
232,9280,1.0,1.0,1.0,1.0,1.0,-1.0,1.0,-1.0,0.0,0.0,0.0,0.0,0.0,0.0,1.0,1.0
233,9320,1.0,1.0,1.0,1.0,1.0,-1.0,1.0,-1.0,0.0,0.0,0.0,0.0,0.0,0.0,1.0,1.0
234,9360,1.0,1.0,1.0,1.0,1.0,-1.0,1.0,-1.0,0.0,0.0,0.0,0.0,0.0,0.0,1.0,1.0
235,9400,1.0,1.0,1.0,1.0,1.0,-1.0,1.0,-1.0,0.0,0.0,0.0,0.0,0.0,0.0,1.0,1.0
236,9440,1.0,1.0,1.0,1.0,1.0,-1.0,1.0,-1.0,0.0,0.0,0.0,0.0,0.0,0.0,1.0,1.0
237,9480,1.0,1.0,1.0,1.0,1.0,-1.0,1.0,-1.0,0.0,0.0,0.0,0.0,0.0,0.0,1.0,1.0
238,9520,1.0,1.0,1.0,1.0,1.0,-1.0,1.0,-1.0,0.426,-0.048,-0.048,-0.792,-0.792,0.256,1.0,1.0
239,9560,1.0,1.0,1.0,1.0,1.0,-1.0,1.0,-1.0,0.46,0.19,0.19,-1.0,-1.0,0.24,1.0,1.0
240,9600,1.0,1.0,1.0,1.0,1.0,-1.0,1.0,-1.0,0.0,-1.0,-1.0,-0.32,-0.32,-0.37,1.0,1.0
241,9640,1.0,1.0,1.0,1.0,1.0,-1.0,1.0,-1.0,0.092,-0.762,-0.762,-0.456,-0.456,-0.248,1.0,1.0
242,9680,1.0,1.0,1.0,1.0,1.0,-1.0,1.0,-1.0,0.184,-0.524,-0.524,-0.592,-0.592,-0.126,1.0,1.0
243,9720,1.0,1.0,1.0,1.0,1.0,-1.0,1.0,-1.0,0.276,-0.286,-0.286,-0.728,-0.728,-0.004,1.0,1.0
244,9760,1.0,1.0,1.0,1.0,1.0,-1.0,1.0,-1.0,0.368,-0.048,-0.048,-0.864,-0.864,0.118,1.0,1.0
245,9800,1.0,1.0,1.0,1.0,1.0,-1.0,1.0,-1.0,0.46,0.19,0.19,-1.0,-1.0,0.24,1.0,1.0
246,9840,1.0,1.0,1.0,1.0,1.0,-1.0,1.0,-1.0,0.29,-1.0,-1.0,0.04,0.04,0.32,1.0,1.0
247,9880,1.0,1.0,1.0,1.0,1.0,-1.0,1.0,-1.0,0.324,-0.762,-0.762,-0.168,-0.168,0.304,1.0,1.0
248,9920,1.0,1.0,1.0,1.0,1.0,-1.0,1.0,-1.0,0.358,-0.524,-0.524,-0.376,-0.376,0.288,1.0,1.0
249,9960,1.0,1.0,1.0,1.0,1.0,-1.0,1.0,-1.0,0.392,-0.286,-0.286,-0.584,-0.584,0.272,1.0,1.0
250,10000,1.0,1.0,1.0,1.0,1.0,-1.0,1.0,-1.0,0.426,-0.048,-0.048,-0.792,-0.792,0.256,1.0,1.0
251,10040,1.0,1.0,1.0,1.0,1.0,-1.0,1.0,-1.0,0.46,0.19,0.19,-1.0,-1.0,0.24,1.0,1.0
252,10080,1.0,1.0,1.0,1.0,1.0,-1.0,1.0,-1.0,0.13,-1.0,-1.0,0.02,0.02,0.06,1.0,1.0
253,10120,1.0,1.0,1.0,1.0,1.0,-1.0,1.0,-1.0,0.136,-0.734,-0.734,0.216,0.216,0.06,1.0,1.0
254,10160,1.0,1.0,1.0,1.0,1.0,-1.0,1.0,-1.0,0.142,-0.468,-0.468,0.412,0.412,0.06,1.0,1.0
255,10200,1.0,1.0,1.0,1.0,1.0,-1.0,1.0,-1.0,0.148,-0.202,-0.202,0.608,0.608,0.06,1.0,1.0
256,10240,1.0,1.0,1.0,1.0,1.0,-1.0,1.0,-1.0,0.154,0.064,0.064,0.804,0.804,0.06,1.0,1.0
257,10280,1.0,1.0,1.0,1.0,1.0,-1.0,1.0,-1.0,0.102667,0.042667,0.042667,0.536,0.536,0.04,1.0,1.0
258,10320,1.0,1.0,1.0,1.0,1.0,-1.0,1.0,-1.0,0.051333,0.021333,0.021333,0.268,0.268,0.02,1.0,1.0
259,10360,1.0,1.0,1.0,1.0,1.0,-1.0,1.0,-1.0,0.0,0.0,0.0,0.0,0.0,0.0,1.0,1.0
260,10400,1.0,1.0,1.0,1.0,1.0,-1.0,1.0,-1.0,0.142,-0.468,-0.468,0.412,0.412,0.06,1.0,1.0
261,10440,1.0,1.0,1.0,1.0,1.0,-1.0,1.0,-1.0,0.148,-0.202,-0.202,0.608,0.608,0.06,1.0,1.0
262,10480,1.0,1.0,1.0,1.0,1.0,-1.0,1.0,-1.0,0.154,0.064,0.064,0.804,0.804,0.06,1.0,1.0
263,10520,1.0,1.0,1.0,1.0,1.0,-1.0,1.0,-1.0,0.102667,0.042667,0.042667,0.536,0.536,0.04,1.0,1.0
264,10560,1.0,1.0,1.0,1.0,1.0,-1.0,1.0,-1.0,0.051333,0.021333,0.021333,0.268,0.268,0.02,1.0,1.0
265,10600,1.0,1.0,1.0,1.0,1.0,-1.0,1.0,-1.0,0.0,0.0,0.0,0.0,0.0,0.0,1.0,1.0
266,10640,1.0,1.0,1.0,1.0,1.0,-1.0,1.0,-1.0,0.142,-0.468,-0.468,0.412,0.412,0.06,1.0,1.0
267,10680,1.0,1.0,1.0,1.0,1.0,-1.0,1.0,-1.0,0.148,-0.202,-0.202,0.608,0.608,0.06,1.0,1.0
268,10720,1.0,1.0,1.0,1.0,1.0,-1.0,1.0,-1.0,0.154,0.064,0.064,0.804,0.804,0.06,1.0,1.0
269,10760,1.0,1.0,1.0,1.0,1.0,-1.0,1.0,-1.0,0.16,0.33,0.33,1.0,1.0,0.06,1.0,1.0
270,10800,1.0,1.0,1.0,1.0,1.0,-1.0,1.0,-1.0,0.13,-1.0,-1.0,0.02,0.02,0.06,1.0,1.0
271,10840,1.0,1.0,1.0,1.0,1.0,-1.0,1.0,-1.0,0.196,-0.762,-0.762,-0.184,-0.184,0.096,1.0,1.0
272,10880,1.0,1.0,1.0,1.0,1.0,-1.0,1.0,-1.0,0.262,-0.524,-0.524,-0.388,-0.388,0.132,1.0,1.0
273,10920,1.0,1.0,1.0,1.0,1.0,-1.0,1.0,-1.0,0.328,-0.286,-0.286,-0.592,-0.592,0.168,1.0,1.0
274,10960,1.0,1.0,1.0,1.0,1.0,-1.0,1.0,-1.0,0.394,-0.048,-0.048,-0.796,-0.796,0.204,1.0,1.0
275,11000,1.0,1.0,1.0,1.0,1.0,-1.0,1.0,-1.0,0.46,0.19,0.19,-1.0,-1.0,0.24,1.0,1.0
276,11040,1.0,1.0,1.0,1.0,1.0,-1.0,1.0,-1.0,0.13,-1.0,-1.0,0.02,0.02,0.06,1.0,1.0
277,11080,1.0,1.0,1.0,1.0,1.0,-1.0,1.0,-1.0,0.136,-0.734,-0.734,0.216,0.216,0.06,1.0,1.0
278,11120,1.0,1.0,1.0,1.0,1.0,-1.0,1.0,-1.0,0.142,-0.468,-0.468,0.412,0.412,0.06,1.0,1.0
279,11160,1.0,1.0,1.0,1.0,1.0,-1.0,1.0,-1.0,0.148,-0.202,-0.202,0.608,0.608,0.06,1.0,1.0
280,11200,1.0,1.0,1.0,1.0,1.0,-1.0,1.0,-1.0,0.154,0.064,0.064,0.804,0.804,0.06,1.0,1.0
281,11240,1.0,1.0,1.0,1.0,1.0,-1.0,1.0,-1.0,0.16,0.33,0.33,1.0,1.0,0.06,1.0,1.0
282,11280,1.0,1.0,1.0,1.0,1.0,-1.0,1.0,-1.0,0.13,-1.0,-1.0,0.02,0.02,0.06,1.0,1.0
283,11320,1.0,1.0,1.0,1.0,1.0,-1.0,1.0,-1.0,0.136,-0.6,-0.6,0.026,0.026,0.072,1.0,1.0
284,11360,1.0,1.0,1.0,1.0,1.0,-1.0,1.0,-1.0,0.142,-0.2,-0.2,0.032,0.032,0.084,1.0,1.0
285,11400,1.0,1.0,1.0,1.0,1.0,-1.0,1.0,-1.0,0.148,0.2,0.2,0.038,0.038,0.096,1.0,1.0
286,11440,1.0,1.0,1.0,1.0,1.0,-1.0,1.0,-1.0,0.154,0.6,0.6,0.044,0.044,0.108,1.0,1.0
287,11480,1.0,1.0,1.0,1.0,1.0,-1.0,1.0,-1.0,0.16,1.0,1.0,0.05,0.05,0.12,1.0,1.0
288,11520,1.0,1.0,1.0,1.0,1.0,-1.0,1.0,-1.0,0.16,0.33,0.33,1.0,1.0,0.06,1.0,1.0
289,11560,1.0,1.0,1.0,1.0,1.0,-1.0,1.0,-1.0,0.22,0.302,0.302,0.6,0.6,0.096,1.0,1.0
290,11600,1.0,1.0,1.0,1.0,1.0,-1.0,1.0,-1.0,0.28,0.274,0.274,0.2,0.2,0.132,1.0,1.0
291,11640,1.0,1.0,1.0,1.0,1.0,-1.0,1.0,-1.0,0.34,0.246,0.246,-0.2,-0.2,0.168,1.0,1.0
292,11680,1.0,1.0,1.0,1.0,1.0,-1.0,1.0,-1.0,0.4,0.218,0.218,-0.6,-0.6,0.204,1.0,1.0
293,11720,1.0,1.0,1.0,1.0,1.0,-1.0,1.0,-1.0,0.46,0.19,0.19,-1.0,-1.0,0.24,1.0,1.0
294,11760,1.0,1.0,1.0,1.0,1.0,-1.0,1.0,-1.0,0.16,0.33,0.33,1.0,1.0,0.06,1.0,1.0
295,11800,1.0,1.0,1.0,1.0,1.0,-1.0,1.0,-1.0,0.186,0.064,0.064,0.808,0.808,0.112,1.0,1.0
296,11840,1.0,1.0,1.0,1.0,1.0,-1.0,1.0,-1.0,0.212,-0.202,-0.202,0.616,0.616,0.164,1.0,1.0
297,11880,1.0,1.0,1.0,1.0,1.0,-1.0,1.0,-1.0,0.238,-0.468,-0.468,0.424,0.424,0.216,1.0,1.0
298,11920,1.0,1.0,1.0,1.0,1.0,-1.0,1.0,-1.0,0.264,-0.734,-0.734,0.232,0.232,0.268,1.0,1.0
299,11960,1.0,1.0,1.0,1.0,1.0,-1.0,1.0,-1.0,0.29,-1.0,-1.0,0.04,0.04,0.32,1.0,1.0
300,12000,1.0,1.0,1.0,1.0,1.0,-1.0,1.0,-1.0,0.13,-1.0,-1.0,0.02,0.02,0.06,1.0,1.0
301,12040,1.0,1.0,1.0,1.0,1.0,-1.0,1.0,-1.0,0.162,-1.0,-1.0,0.024,0.024,0.112,1.0,1.0
302,12080,1.0,1.0,1.0,1.0,1.0,-1.0,1.0,-1.0,0.194,-1.0,-1.0,0.028,0.028,0.164,1.0,1.0
303,12120,1.0,1.0,1.0,1.0,1.0,-1.0,1.0,-1.0,0.226,-1.0,-1.0,0.032,0.032,0.216,1.0,1.0
304,12160,1.0,1.0,1.0,1.0,1.0,-1.0,1.0,-1.0,0.1695,-0.75,-0.75,0.024,0.024,0.162,1.0,1.0
305,12200,1.0,1.0,1.0,1.0,1.0,-1.0,1.0,-1.0,0.113,-0.5,-0.5,0.016,0.016,0.108,1.0,1.0
306,12240,1.0,1.0,1.0,1.0,1.0,-1.0,1.0,-1.0,0.0565,-0.25,-0.25,0.008,0.008,0.054,1.0,1.0
307,12280,1.0,1.0,1.0,1.0,1.0,-1.0,1.0,-1.0,0.0,0.0,0.0,0.0,0.0,0.0,1.0,1.0
308,12320,1.0,1.0,1.0,1.0,1.0,-1.0,1.0,-1.0,0.0,0.0,0.0,0.0,0.0,0.0,1.0,1.0
309,12360,1.0,1.0,1.0,1.0,1.0,-1.0,1.0,-1.0,0.0,0.0,0.0,0.0,0.0,0.0,1.0,1.0
310,12400,1.0,1.0,1.0,1.0,1.0,-1.0,1.0,-1.0,0.0,0.0,0.0,0.0,0.0,0.0,1.0,1.0
311,12440,1.0,1.0,1.0,1.0,1.0,-1.0,1.0,-1.0,0.0,0.0,0.0,0.0,0.0,0.0,1.0,1.0
312,12480,1.0,1.0,1.0,1.0,1.0,-1.0,1.0,-1.0,0.0,0.0,0.0,0.0,0.0,0.0,1.0,1.0
313,12520,1.0,1.0,1.0,1.0,1.0,-1.0,1.0,-1.0,0.0,0.0,0.0,0.0,0.0,0.0,1.0,1.0
314,12560,1.0,1.0,1.0,1.0,1.0,-1.0,1.0,-1.0,0.0,0.0,0.0,0.0,0.0,0.0,1.0,1.0
315,12600,1.0,1.0,1.0,1.0,1.0,-1.0,1.0,-1.0,0.0,0.0,0.0,0.0,0.0,0.0,1.0,1.0
316,12640,1.0,1.0,1.0,1.0,1.0,-1.0,1.0,-1.0,0.0,0.0,0.0,0.0,0.0,0.0,1.0,1.0
317,12680,1.0,1.0,1.0,1.0,1.0,-1.0,1.0,-1.0,0.0,0.0,0.0,0.0,0.0,0.0,1.0,1.0
318,12720,1.0,1.0,1.0,1.0,1.0,-1.0,1.0,-1.0,0.0,0.0,0.0,0.0,0.0,0.0,1.0,1.0
319,12760,1.0,1.0,1.0,1.0,1.0,-1.0,1.0,-1.0,0.0,0.0,0.0,0.0,0.0,0.0,1.0,1.0
320,12800,1.0,1.0,1.0,1.0,1.0,-1.0,1.0,-1.0,0.0,0.0,0.0,0.0,0.0,0.0,1.0,1.0
321,12840,1.0,1.0,1.0,1.0,1.0,-1.0,1.0,-1.0,0.0,0.0,0.0,0.0,0.0,0.0,1.0,1.0
322,12880,1.0,1.0,1.0,1.0,1.0,-1.0,1.0,-1.0,0.0,0.0,0.0,0.0,0.0,0.0,1.0,1.0
323,12920,1.0,1.0,1.0,1.0,1.0,-1.0,1.0,-1.0,0.0,0.0,0.0,0.0,0.0,0.0,1.0,1.0
324,12960,1.0,1.0,1.0,1.0,1.0,-1.0,1.0,-1.0,0.0,0.0,0.0,0.0,0.0,0.0,1.0,1.0
325,13000,1.0,1.0,1.0,1.0,1.0,-1.0,1.0,-1.0,0.0,0.0,0.0,0.0,0.0,0.0,1.0,1.0
326,13040,1.0,1.0,1.0,1.0,1.0,-1.0,1.0,-1.0,0.212,-0.202,-0.202,0.616,0.616,0.164,1.0,1.0
327,13080,1.0,1.0,1.0,1.0,1.0,-1.0,1.0,-1.0,0.238,-0.468,-0.468,0.424,0.424,0.216,1.0,1.0
328,13120,1.0,1.0,1.0,1.0,1.0,-1.0,1.0,-1.0,0.264,-0.734,-0.734,0.232,0.232,0.268,1.0,1.0
329,13160,1.0,1.0,1.0,1.0,1.0,-1.0,1.0,-1.0,0.29,-1.0,-1.0,0.04,0.04,0.32,1.0,1.0
330,13200,1.0,1.0,1.0,1.0,1.0,-1.0,1.0,-1.0,0.0,-1.0,-1.0,-0.32,-0.32,-0.37,1.0,1.0
331,13240,1.0,1.0,1.0,1.0,1.0,-1.0,1.0,-1.0,0.032,-0.734,-0.734,-0.056,-0.056,-0.284,1.0,1.0
332,13280,1.0,1.0,1.0,1.0,1.0,-1.0,1.0,-1.0,0.064,-0.468,-0.468,0.208,0.208,-0.198,1.0,1.0
333,13320,1.0,1.0,1.0,1.0,1.0,-1.0,1.0,-1.0,0.096,-0.202,-0.202,0.472,0.472,-0.112,1.0,1.0
334,13360,1.0,1.0,1.0,1.0,1.0,-1.0,1.0,-1.0,0.128,0.064,0.064,0.736,0.736,-0.026,1.0,1.0
335,13400,1.0,1.0,1.0,1.0,1.0,-1.0,1.0,-1.0,0.16,0.33,0.33,1.0,1.0,0.06,1.0,1.0
336,13440,1.0,1.0,1.0,1.0,1.0,-1.0,1.0,-1.0,0.13,-1.0,-1.0,0.02,0.02,0.06,1.0,1.0
337,13480,1.0,1.0,1.0,1.0,1.0,-1.0,1.0,-1.0,0.136,-0.6,-0.6,0.026,0.026,0.072,1.0,1.0
338,13520,1.0,1.0,1.0,1.0,1.0,-1.0,1.0,-1.0,0.142,-0.2,-0.2,0.032,0.032,0.084,1.0,1.0
339,13560,1.0,1.0,1.0,1.0,1.0,-1.0,1.0,-1.0,0.148,0.2,0.2,0.038,0.038,0.096,1.0,1.0
340,13600,1.0,1.0,1.0,1.0,1.0,-1.0,1.0,-1.0,0.154,0.6,0.6,0.044,0.044,0.108,1.0,1.0
341,13640,1.0,1.0,1.0,1.0,1.0,-1.0,1.0,-1.0,0.1155,0.45,0.45,0.033,0.033,0.081,1.0,1.0
342,13680,1.0,1.0,1.0,1.0,1.0,-1.0,1.0,-1.0,0.077,0.3,0.3,0.022,0.022,0.054,1.0,1.0
343,13720,1.0,1.0,1.0,1.0,1.0,-1.0,1.0,-1.0,0.0385,0.15,0.15,0.011,0.011,0.027,1.0,1.0
344,13760,1.0,1.0,1.0,1.0,1.0,-1.0,1.0,-1.0,0.0,0.0,0.0,0.0,0.0,0.0,1.0,1.0
345,13800,1.0,1.0,1.0,1.0,1.0,-1.0,1.0,-1.0,0.0,0.0,0.0,0.0,0.0,0.0,1.0,1.0
346,13840,1.0,1.0,1.0,1.0,1.0,-1.0,1.0,-1.0,0.0,0.0,0.0,0.0,0.0,0.0,1.0,1.0
347,13880,1.0,1.0,1.0,1.0,1.0,-1.0,1.0,-1.0,0.0,0.0,0.0,0.0,0.0,0.0,1.0,1.0
348,13920,1.0,1.0,1.0,1.0,1.0,-1.0,1.0,-1.0,0.0,0.0,0.0,0.0,0.0,0.0,1.0,1.0
349,13960,1.0,1.0,1.0,1.0,1.0,-1.0,1.0,-1.0,0.0,0.0,0.0,0.0,0.0,0.0,1.0,1.0
350,14000,1.0,1.0,1.0,1.0,1.0,-1.0,1.0,-1.0,0.0,0.0,0.0,0.0,0.0,0.0,1.0,1.0
351,14040,1.0,1.0,1.0,1.0,1.0,-1.0,1.0,-1.0,0.0,0.0,0.0,0.0,0.0,0.0,1.0,1.0
352,14080,1.0,1.0,1.0,1.0,1.0,-1.0,1.0,-1.0,0.272,-0.062,-0.062,-0.6,-0.6,0.156,1.0,1.0
353,14120,1.0,1.0,1.0,1.0,1.0,-1.0,1.0,-1.0,0.3,-0.16,-0.16,-1.0,-1.0,0.18,1.0,1.0
354,14160,1.0,1.0,1.0,1.0,1.0,-1.0,1.0,-1.0,0.13,-1.0,-1.0,0.02,0.02,0.06,1.0,1.0
355,14200,1.0,1.0,1.0,1.0,1.0,-1.0,1.0,-1.0,0.164,-0.832,-0.832,-0.184,-0.184,0.084,1.0,1.0
356,14240,1.0,1.0,1.0,1.0,1.0,-1.0,1.0,-1.0,0.198,-0.664,-0.664,-0.388,-0.388,0.108,1.0,1.0
357,14280,1.0,1.0,1.0,1.0,1.0,-1.0,1.0,-1.0,0.232,-0.496,-0.496,-0.592,-0.592,0.132,1.0,1.0
358,14320,1.0,1.0,1.0,1.0,1.0,-1.0,1.0,-1.0,0.266,-0.328,-0.328,-0.796,-0.796,0.156,1.0,1.0
359,14360,1.0,1.0,1.0,1.0,1.0,-1.0,1.0,-1.0,0.3,-0.16,-0.16,-1.0,-1.0,0.18,1.0,1.0
360,14400,1.0,1.0,1.0,1.0,1.0,-1.0,1.0,-1.0,0.0,-1.0,-1.0,-0.32,-0.32,-0.37,1.0,1.0
361,14440,1.0,1.0,1.0,1.0,1.0,-1.0,1.0,-1.0,0.032,-0.734,-0.734,-0.056,-0.056,-0.284,1.0,1.0
362,14480,1.0,1.0,1.0,1.0,1.0,-1.0,1.0,-1.0,0.064,-0.468,-0.468,0.208,0.208,-0.198,1.0,1.0
363,14520,1.0,1.0,1.0,1.0,1.0,-1.0,1.0,-1.0,0.096,-0.202,-0.202,0.472,0.472,-0.112,1.0,1.0
364,14560,1.0,1.0,1.0,1.0,1.0,-1.0,1.0,-1.0,0.128,0.064,0.064,0.736,0.736,-0.026,1.0,1.0
365,14600,1.0,1.0,1.0,1.0,1.0,-1.0,1.0,-1.0,0.16,0.33,0.33,1.0,1.0,0.06,1.0,1.0
366,14640,1.0,1.0,1.0,1.0,1.0,-1.0,1.0,-1.0,0.29,-1.0,-1.0,0.04,0.04,0.32,1.0,1.0
367,14680,1.0,1.0,1.0,1.0,1.0,-1.0,1.0,-1.0,0.292,-0.832,-0.832,-0.168,-0.168,0.292,1.0,1.0
368,14720,1.0,1.0,1.0,1.0,1.0,-1.0,1.0,-1.0,0.294,-0.664,-0.664,-0.376,-0.376,0.264,1.0,1.0
369,14760,1.0,1.0,1.0,1.0,1.0,-1.0,1.0,-1.0,0.296,-0.496,-0.496,-0.584,-0.584,0.236,1.0,1.0
370,14800,1.0,1.0,1.0,1.0,1.0,-1.0,1.0,-1.0,0.298,-0.328,-0.328,-0.792,-0.792,0.208,1.0,1.0
371,14840,1.0,1.0,1.0,1.0,1.0,-1.0,1.0,-1.0,0.3,-0.16,-0.16,-1.0,-1.0,0.18,1.0,1.0
372,14880,1.0,1.0,1.0,1.0,1.0,-1.0,1.0,-1.0,0.13,-1.0,-1.0,0.02,0.02,0.06,1.0,1.0
373,14920,1.0,1.0,1.0,1.0,1.0,-1.0,1.0,-1.0,0.162,-1.0,-1.0,0.024,0.024,0.112,1.0,1.0
374,14960,1.0,1.0,1.0,1.0,1.0,-1.0,1.0,-1.0,0.194,-1.0,-1.0,0.028,0.028,0.164,1.0,1.0
375,15000,1.0,1.0,1.0,1.0,1.0,-1.0,1.0,-1.0,0.226,-1.0,-1.0,0.032,0.032,0.216,1.0,1.0
376,15040,1.0,1.0,1.0,1.0,1.0,-1.0,1.0,-1.0,0.258,-1.0,-1.0,0.036,0.036,0.268,1.0,1.0
377,15080,1.0,1.0,1.0,1.0,1.0,-1.0,1.0,-1.0,0.172,-0.666667,-0.666667,0.024,0.024,0.178667,1.0,1.0
378,15120,1.0,1.0,1.0,1.0,1.0,-1.0,1.0,-1.0,0.086,-0.333333,-0.333333,0.012,0.012,0.089333,1.0,1.0
379,15160,1.0,1.0,1.0,1.0,1.0,-1.0,1.0,-1.0,0.0,0.0,0.0,0.0,0.0,0.0,1.0,1.0
380,15200,1.0,1.0,1.0,1.0,1.0,-1.0,1.0,-1.0,0.262,-0.524,-0.524,-0.388,-0.388,0.132,1.0,1.0
381,15240,1.0,1.0,1.0,1.0,1.0,-1.0,1.0,-1.0,0.328,-0.286,-0.286,-0.592,-0.592,0.168,1.0,1.0
382,15280,1.0,1.0,1.0,1.0,1.0,-1.0,1.0,-1.0,0.394,-0.048,-0.048,-0.796,-0.796,0.204,1.0,1.0
383,15320,1.0,1.0,1.0,1.0,1.0,-1.0,1.0,-1.0,0.2955,-0.036,-0.036,-0.597,-0.597,0.153,1.0,1.0
384,15360,1.0,1.0,1.0,1.0,1.0,-1.0,1.0,-1.0,0.197,-0.024,-0.024,-0.398,-0.398,0.102,1.0,1.0
385,15400,1.0,1.0,1.0,1.0,1.0,-1.0,1.0,-1.0,0.0985,-0.012,-0.012,-0.199,-0.199,0.051,1.0,1.0
386,15440,1.0,1.0,1.0,1.0,1.0,-1.0,1.0,-1.0,0.0,0.0,0.0,0.0,0.0,0.0,1.0,1.0
387,15480,1.0,1.0,1.0,1.0,1.0,-1.0,1.0,-1.0,0.0,0.0,0.0,0.0,0.0,0.0,1.0,1.0
388,15520,1.0,1.0,1.0,1.0,1.0,-1.0,1.0,-1.0,0.0,0.0,0.0,0.0,0.0,0.0,1.0,1.0
389,15560,1.0,1.0,1.0,1.0,1.0,-1.0,1.0,-1.0,0.0,0.0,0.0,0.0,0.0,0.0,1.0,1.0
390,15600,1.0,1.0,1.0,1.0,1.0,-1.0,1.0,-1.0,0.0,0.0,0.0,0.0,0.0,0.0,1.0,1.0
391,15640,1.0,1.0,1.0,1.0,1.0,-1.0,1.0,-1.0,0.0,0.0,0.0,0.0,0.0,0.0,1.0,1.0
392,15680,1.0,1.0,1.0,1.0,1.0,-1.0,1.0,-1.0,0.0,0.0,0.0,0.0,0.0,0.0,1.0,1.0
393,15720,1.0,1.0,1.0,1.0,1.0,-1.0,1.0,-1.0,0.0,0.0,0.0,0.0,0.0,0.0,1.0,1.0
394,15760,1.0,1.0,1.0,1.0,1.0,-1.0,1.0,-1.0,0.0,0.0,0.0,0.0,0.0,0.0,1.0,1.0
395,15800,1.0,1.0,1.0,1.0,1.0,-1.0,1.0,-1.0,0.0,0.0,0.0,0.0,0.0,0.0,1.0,1.0
396,15840,1.0,1.0,1.0,1.0,1.0,-1.0,1.0,-1.0,0.0,0.0,0.0,0.0,0.0,0.0,1.0,1.0
397,15880,1.0,1.0,1.0,1.0,1.0,-1.0,1.0,-1.0,0.22,0.302,0.302,0.6,0.6,0.096,1.0,1.0
398,15920,1.0,1.0,1.0,1.0,1.0,-1.0,1.0,-1.0,0.28,0.274,0.274,0.2,0.2,0.132,1.0,1.0
399,15960,1.0,1.0,1.0,1.0,1.0,-1.0,1.0,-1.0,0.34,0.246,0.246,-0.2,-0.2,0.168,1.0,1.0
400,16000,1.0,1.0,1.0,1.0,1.0,-1.0,1.0,-1.0,0.4,0.218,0.218,-0.6,-0.6,0.204,1.0,1.0
401,16040,1.0,1.0,1.0,1.0,1.0,-1.0,1.0,-1.0,0.46,0.19,0.19,-1.0,-1.0,0.24,1.0,1.0
402,16080,1.0,1.0,1.0,1.0,1.0,-1.0,1.0,-1.0,0.13,-1.0,-1.0,0.02,0.02,0.06,1.0,1.0
403,16120,1.0,1.0,1.0,1.0,1.0,-1.0,1.0,-1.0,0.136,-0.734,-0.734,0.216,0.216,0.06,1.0,1.0
404,16160,1.0,1.0,1.0,1.0,1.0,-1.0,1.0,-1.0,0.142,-0.468,-0.468,0.412,0.412,0.06,1.0,1.0
405,16200,1.0,1.0,1.0,1.0,1.0,-1.0,1.0,-1.0,0.148,-0.202,-0.202,0.608,0.608,0.06,1.0,1.0
406,16240,1.0,1.0,1.0,1.0,1.0,-1.0,1.0,-1.0,0.154,0.064,0.064,0.804,0.804,0.06,1.0,1.0
407,16280,1.0,1.0,1.0,1.0,1.0,-1.0,1.0,-1.0,0.16,0.33,0.33,1.0,1.0,0.06,1.0,1.0
408,16320,1.0,1.0,1.0,1.0,1.0,-1.0,1.0,-1.0,0.13,-1.0,-1.0,0.02,0.02,0.06,1.0,1.0
409,16360,1.0,1.0,1.0,1.0,1.0,-1.0,1.0,-1.0,0.162,-1.0,-1.0,0.024,0.024,0.112,1.0,1.0
410,16400,1.0,1.0,1.0,1.0,1.0,-1.0,1.0,-1.0,0.1215,-0.75,-0.75,0.018,0.018,0.084,1.0,1.0
411,16440,1.0,1.0,1.0,1.0,1.0,-1.0,1.0,-1.0,0.081,-0.5,-0.5,0.012,0.012,0.056,1.0,1.0
412,16480,1.0,1.0,1.0,1.0,1.0,-1.0,1.0,-1.0,0.0405,-0.25,-0.25,0.006,0.006,0.028,1.0,1.0
413,16520,1.0,1.0,1.0,1.0,1.0,-1.0,1.0,-1.0,0.0,0.0,0.0,0.0,0.0,0.0,1.0,1.0
414,16560,1.0,1.0,1.0,1.0,1.0,-1.0,1.0,-1.0,0.13,-1.0,-1.0,0.02,0.02,0.06,1.0,1.0
415,16600,1.0,1.0,1.0,1.0,1.0,-1.0,1.0,-1.0,0.162,-1.0,-1.0,0.024,0.024,0.112,1.0,1.0
416,16640,1.0,1.0,1.0,1.0,1.0,-1.0,1.0,-1.0,0.194,-1.0,-1.0,0.028,0.028,0.164,1.0,1.0
417,16680,1.0,1.0,1.0,1.0,1.0,-1.0,1.0,-1.0,0.226,-1.0,-1.0,0.032,0.032,0.216,1.0,1.0
418,16720,1.0,1.0,1.0,1.0,1.0,-1.0,1.0,-1.0,0.258,-1.0,-1.0,0.036,0.036,0.268,1.0,1.0
419,16760,1.0,1.0,1.0,1.0,1.0,-1.0,1.0,-1.0,0.29,-1.0,-1.0,0.04,0.04,0.32,1.0,1.0
420,16800,1.0,1.0,1.0,1.0,1.0,-1.0,1.0,-1.0,0.16,0.33,0.33,1.0,1.0,0.06,1.0,1.0
421,16840,1.0,1.0,1.0,1.0,1.0,-1.0,1.0,-1.0,0.12,0.2475,0.2475,0.75,0.75,0.045,1.0,1.0
422,16880,1.0,1.0,1.0,1.0,1.0,-1.0,1.0,-1.0,0.08,0.165,0.165,0.5,0.5,0.03,1.0,1.0
423,16920,1.0,1.0,1.0,1.0,1.0,-1.0,1.0,-1.0,0.04,0.0825,0.0825,0.25,0.25,0.015,1.0,1.0
424,16960,1.0,1.0,1.0,1.0,1.0,-1.0,1.0,-1.0,0.0,0.0,0.0,0.0,0.0,0.0,1.0,1.0
425,17000,1.0,1.0,1.0,1.0,1.0,-1.0,1.0,-1.0,0.0,0.0,0.0,0.0,0.0,0.0,1.0,1.0
426,17040,1.0,1.0,1.0,1.0,1.0,-1.0,1.0,-1.0,0.0,0.0,0.0,0.0,0.0,0.0,1.0,1.0
427,17080,1.0,1.0,1.0,1.0,1.0,-1.0,1.0,-1.0,0.0,0.0,0.0,0.0,0.0,0.0,1.0,1.0
428,17120,1.0,1.0,1.0,1.0,1.0,-1.0,1.0,-1.0,0.0,0.0,0.0,0.0,0.0,0.0,1.0,1.0
429,17160,1.0,1.0,1.0,1.0,1.0,-1.0,1.0,-1.0,0.0,0.0,0.0,0.0,0.0,0.0,1.0,1.0
430,17200,1.0,1.0,1.0,1.0,1.0,-1.0,1.0,-1.0,0.0,0.0,0.0,0.0,0.0,0.0,1.0,1.0
431,17240,1.0,1.0,1.0,1.0,1.0,-1.0,1.0,-1.0,0.0,0.0,0.0,0.0,0.0,0.0,1.0,1.0
432,17280,1.0,1.0,1.0,1.0,1.0,-1.0,1.0,-1.0,0.0,0.0,0.0,0.0,0.0,0.0,1.0,1.0
433,17320,1.0,1.0,1.0,1.0,1.0,-1.0,1.0,-1.0,0.0,0.0,0.0,0.0,0.0,0.0,1.0,1.0
434,17360,1.0,1.0,1.0,1.0,1.0,-1.0,1.0,-1.0,0.16,0.33,0.33,1.0,1.0,0.06,1.0,1.0
435,17400,1.0,1.0,1.0,1.0,1.0,-1.0,1.0,-1.0,0.16,0.33,0.33,1.0,1.0,0.06,1.0,1.0
436,17440,1.0,1.0,1.0,1.0,1.0,-1.0,1.0,-1.0,0.16,0.33,0.33,1.0,1.0,0.06,1.0,1.0
437,17480,1.0,1.0,1.0,1.0,1.0,-1.0,1.0,-1.0,0.16,0.33,0.33,1.0,1.0,0.06,1.0,1.0
438,17520,1.0,1.0,1.0,1.0,1.0,-1.0,1.0,-1.0,0.13,-1.0,-1.0,0.02,0.02,0.06,1.0,1.0
439,17560,1.0,1.0,1.0,1.0,1.0,-1.0,1.0,-1.0,0.162,-1.0,-1.0,0.024,0.024,0.112,1.0,1.0
440,17600,1.0,1.0,1.0,1.0,1.0,-1.0,1.0,-1.0,0.194,-1.0,-1.0,0.028,0.028,0.164,1.0,1.0
441,17640,1.0,1.0,1.0,1.0,1.0,-1.0,1.0,-1.0,0.226,-1.0,-1.0,0.032,0.032,0.216,1.0,1.0
442,17680,1.0,1.0,1.0,1.0,1.0,-1.0,1.0,-1.0,0.258,-1.0,-1.0,0.036,0.036,0.268,1.0,1.0
443,17720,1.0,1.0,1.0,1.0,1.0,-1.0,1.0,-1.0,0.29,-1.0,-1.0,0.04,0.04,0.32,1.0,1.0
444,17760,1.0,1.0,1.0,1.0,1.0,-1.0,1.0,-1.0,0.13,-1.0,-1.0,0.02,0.02,0.06,1.0,1.0
445,17800,1.0,1.0,1.0,1.0,1.0,-1.0,1.0,-1.0,0.162,-1.0,-1.0,0.024,0.024,0.112,1.0,1.0
446,17840,1.0,1.0,1.0,1.0,1.0,-1.0,1.0,-1.0,0.194,-1.0,-1.0,0.028,0.028,0.164,1.0,1.0
447,17880,1.0,1.0,1.0,1.0,1.0,-1.0,1.0,-1.0,0.226,-1.0,-1.0,0.032,0.032,0.216,1.0,1.0
448,17920,1.0,1.0,1.0,1.0,1.0,-1.0,1.0,-1.0,0.258,-1.0,-1.0,0.036,0.036,0.268,1.0,1.0
449,17960,1.0,1.0,1.0,1.0,1.0,-1.0,1.0,-1.0,0.29,-1.0,-1.0,0.04,0.04,0.32,1.0,1.0
450,18000,1.0,1.0,1.0,1.0,1.0,-1.0,1.0,-1.0,0.29,-1.0,-1.0,0.04,0.04,0.32,1.0,1.0
451,18040,1.0,1.0,1.0,1.0,1.0,-1.0,1.0,-1.0,0.264,-0.6,-0.6,0.042,0.042,0.28,1.0,1.0
452,18080,1.0,1.0,1.0,1.0,1.0,-1.0,1.0,-1.0,0.238,-0.2,-0.2,0.044,0.044,0.24,1.0,1.0
453,18120,1.0,1.0,1.0,1.0,1.0,-1.0,1.0,-1.0,0.212,0.2,0.2,0.046,0.046,0.2,1.0,1.0
454,18160,1.0,1.0,1.0,1.0,1.0,-1.0,1.0,-1.0,0.186,0.6,0.6,0.048,0.048,0.16,1.0,1.0
455,18200,1.0,1.0,1.0,1.0,1.0,-1.0,1.0,-1.0,0.16,1.0,1.0,0.05,0.05,0.12,1.0,1.0
456,18240,1.0,1.0,1.0,1.0,1.0,-1.0,1.0,-1.0,0.13,-1.0,-1.0,0.02,0.02,0.06,1.0,1.0
457,18280,1.0,1.0,1.0,1.0,1.0,-1.0,1.0,-1.0,0.164,-0.832,-0.832,-0.184,-0.184,0.084,1.0,1.0
458,18320,1.0,1.0,1.0,1.0,1.0,-1.0,1.0,-1.0,0.198,-0.664,-0.664,-0.388,-0.388,0.108,1.0,1.0
459,18360,1.0,1.0,1.0,1.0,1.0,-1.0,1.0,-1.0,0.232,-0.496,-0.496,-0.592,-0.592,0.132,1.0,1.0
460,18400,1.0,1.0,1.0,1.0,1.0,-1.0,1.0,-1.0,0.266,-0.328,-0.328,-0.796,-0.796,0.156,1.0,1.0
461,18440,1.0,1.0,1.0,1.0,1.0,-1.0,1.0,-1.0,0.3,-0.16,-0.16,-1.0,-1.0,0.18,1.0,1.0
462,18480,1.0,1.0,1.0,1.0,1.0,-1.0,1.0,-1.0,0.29,-1.0,-1.0,0.04,0.04,0.32,1.0,1.0
463,18520,1.0,1.0,1.0,1.0,1.0,-1.0,1.0,-1.0,0.29,-1.0,-1.0,0.04,0.04,0.32,1.0,1.0
464,18560,1.0,1.0,1.0,1.0,1.0,-1.0,1.0,-1.0,0.29,-1.0,-1.0,0.04,0.04,0.32,1.0,1.0
465,18600,1.0,1.0,1.0,1.0,1.0,-1.0,1.0,-1.0,0.29,-1.0,-1.0,0.04,0.04,0.32,1.0,1.0
466,18640,1.0,1.0,1.0,1.0,1.0,-1.0,1.0,-1.0,0.29,-1.0,-1.0,0.04,0.04,0.32,1.0,1.0
467,18680,1.0,1.0,1.0,1.0,1.0,-1.0,1.0,-1.0,0.29,-1.0,-1.0,0.04,0.04,0.32,1.0,1.0
468,18720,1.0,1.0,1.0,1.0,1.0,-1.0,1.0,-1.0,0.16,0.33,0.33,1.0,1.0,0.06,1.0,1.0
469,18760,1.0,1.0,1.0,1.0,1.0,-1.0,1.0,-1.0,0.22,0.302,0.302,0.6,0.6,0.096,1.0,1.0
470,18800,1.0,1.0,1.0,1.0,1.0,-1.0,1.0,-1.0,0.28,0.274,0.274,0.2,0.2,0.132,1.0,1.0
471,18840,1.0,1.0,1.0,1.0,1.0,-1.0,1.0,-1.0,0.34,0.246,0.246,-0.2,-0.2,0.168,1.0,1.0
472,18880,1.0,1.0,1.0,1.0,1.0,-1.0,1.0,-1.0,0.4,0.218,0.218,-0.6,-0.6,0.204,1.0,1.0
473,18920,1.0,1.0,1.0,1.0,1.0,-1.0,1.0,-1.0,0.46,0.19,0.19,-1.0,-1.0,0.24,1.0,1.0
474,18960,1.0,1.0,1.0,1.0,1.0,-1.0,1.0,-1.0,0.16,0.33,0.33,1.0,1.0,0.06,1.0,1.0
475,19000,1.0,1.0,1.0,1.0,1.0,-1.0,1.0,-1.0,0.16,0.33,0.33,1.0,1.0,0.06,1.0,1.0
476,19040,1.0,1.0,1.0,1.0,1.0,-1.0,1.0,-1.0,0.16,0.33,0.33,1.0,1.0,0.06,1.0,1.0
477,19080,1.0,1.0,1.0,1.0,1.0,-1.0,1.0,-1.0,0.12,0.2475,0.2475,0.75,0.75,0.045,1.0,1.0
478,19120,1.0,1.0,1.0,1.0,1.0,-1.0,1.0,-1.0,0.08,0.165,0.165,0.5,0.5,0.03,1.0,1.0
479,19160,1.0,1.0,1.0,1.0,1.0,-1.0,1.0,-1.0,0.04,0.0825,0.0825,0.25,0.25,0.015,1.0,1.0
480,19200,1.0,1.0,1.0,1.0,1.0,-1.0,1.0,-1.0,0.0,0.0,0.0,0.0,0.0,0.0,1.0,1.0
481,19240,1.0,1.0,1.0,1.0,1.0,-1.0,1.0,-1.0,0.196,-0.762,-0.762,-0.184,-0.184,0.096,1.0,1.0
482,19280,1.0,1.0,1.0,1.0,1.0,-1.0,1.0,-1.0,0.262,-0.524,-0.524,-0.388,-0.388,0.132,1.0,1.0
483,19320,1.0,1.0,1.0,1.0,1.0,-1.0,1.0,-1.0,0.328,-0.286,-0.286,-0.592,-0.592,0.168,1.0,1.0
484,19360,1.0,1.0,1.0,1.0,1.0,-1.0,1.0,-1.0,0.394,-0.048,-0.048,-0.796,-0.796,0.204,1.0,1.0
485,19400,1.0,1.0,1.0,1.0,1.0,-1.0,1.0,-1.0,0.46,0.19,0.19,-1.0,-1.0,0.24,1.0,1.0
486,19440,1.0,1.0,1.0,1.0,1.0,-1.0,1.0,-1.0,0.29,-1.0,-1.0,0.04,0.04,0.32,1.0,1.0
487,19480,1.0,1.0,1.0,1.0,1.0,-1.0,1.0,-1.0,0.29,-1.0,-1.0,0.04,0.04,0.32,1.0,1.0
488,19520,1.0,1.0,1.0,1.0,1.0,-1.0,1.0,-1.0,0.29,-1.0,-1.0,0.04,0.04,0.32,1.0,1.0
489,19560,1.0,1.0,1.0,1.0,1.0,-1.0,1.0,-1.0,0.29,-1.0,-1.0,0.04,0.04,0.32,1.0,1.0
490,19600,1.0,1.0,1.0,1.0,1.0,-1.0,1.0,-1.0,0.29,-1.0,-1.0,0.04,0.04,0.32,1.0,1.0
491,19640,1.0,1.0,1.0,1.0,1.0,-1.0,1.0,-1.0,0.29,-1.0,-1.0,0.04,0.04,0.32,1.0,1.0
492,19680,1.0,1.0,1.0,1.0,1.0,-1.0,1.0,-1.0,0.2175,-0.75,-0.75,0.03,0.03,0.24,1.0,1.0
493,19720,1.0,1.0,1.0,1.0,1.0,-1.0,1.0,-1.0,0.145,-0.5,-0.5,0.02,0.02,0.16,1.0,1.0
494,19760,1.0,1.0,1.0,1.0,1.0,-1.0,1.0,-1.0,0.0725,-0.25,-0.25,0.01,0.01,0.08,1.0,1.0
495,19800,1.0,1.0,1.0,1.0,1.0,-1.0,1.0,-1.0,0.0,0.0,0.0,0.0,0.0,0.0,1.0,1.0
496,19840,1.0,1.0,1.0,1.0,1.0,-1.0,1.0,-1.0,0.0,0.0,0.0,0.0,0.0,0.0,1.0,1.0
497,19880,1.0,1.0,1.0,1.0,1.0,-1.0,1.0,-1.0,0.0,0.0,0.0,0.0,0.0,0.0,1.0,1.0
498,19920,1.0,1.0,1.0,1.0,1.0,-1.0,1.0,-1.0,0.0,0.0,0.0,0.0,0.0,0.0,1.0,1.0
499,19960,1.0,1.0,1.0,1.0,1.0,-1.0,1.0,-1.0,0.0,0.0,0.0,0.0,0.0,0.0,1.0,1.0
500,20000,1.0,1.0,1.0,1.0,1.0,-1.0,1.0,-1.0,0.0,0.0,0.0,0.0,0.0,0.0,1.0,1.0
501,20040,1.0,1.0,1.0,1.0,1.0,-1.0,1.0,-1.0,0.0,0.0,0.0,0.0,0.0,0.0,1.0,1.0
502,20080,1.0,1.0,1.0,1.0,1.0,-1.0,1.0,-1.0,0.0,0.0,0.0,0.0,0.0,0.0,1.0,1.0
503,20120,1.0,1.0,1.0,1.0,1.0,-1.0,1.0,-1.0,0.0,0.0,0.0,0.0,0.0,0.0,1.0,1.0
504,20160,1.0,1.0,1.0,1.0,1.0,-1.0,1.0,-1.0,0.0,0.0,0.0,0.0,0.0,0.0,1.0,1.0
505,20200,1.0,1.0,1.0,1.0,1.0,-1.0,1.0,-1.0,0.0,0.0,0.0,0.0,0.0,0.0,1.0,1.0
506,20240,1.0,1.0,1.0,1.0,1.0,-1.0,1.0,-1.0,0.0,0.0,0.0,0.0,0.0,0.0,1.0,1.0
507,20280,1.0,1.0,1.0,1.0,1.0,-1.0,1.0,-1.0,0.0,0.0,0.0,0.0,0.0,0.0,1.0,1.0
508,20320,1.0,1.0,1.0,1.0,1.0,-1.0,1.0,-1.0,0.0,0.0,0.0,0.0,0.0,0.0,1.0,1.0
509,20360,1.0,1.0,1.0,1.0,1.0,-1.0,1.0,-1.0,0.0,0.0,0.0,0.0,0.0,0.0,1.0,1.0
510,20400,1.0,1.0,1.0,1.0,1.0,-1.0,1.0,-1.0,0.0,0.0,0.0,0.0,0.0,0.0,1.0,1.0
511,20440,1.0,1.0,1.0,1.0,1.0,-1.0,1.0,-1.0,0.0,0.0,0.0,0.0,0.0,0.0,1.0,1.0
512,20480,1.0,1.0,1.0,1.0,1.0,-1.0,1.0,-1.0,0.0,0.0,0.0,0.0,0.0,0.0,1.0,1.0
513,20520,1.0,1.0,1.0,1.0,1.0,-1.0,1.0,-1.0,0.0,0.0,0.0,0.0,0.0,0.0,1.0,1.0
514,20560,1.0,1.0,1.0,1.0,1.0,-1.0,1.0,-1.0,0.0,0.0,0.0,0.0,0.0,0.0,1.0,1.0
515,20600,1.0,1.0,1.0,1.0,1.0,-1.0,1.0,-1.0,0.0,0.0,0.0,0.0,0.0,0.0,1.0,1.0
516,20640,1.0,1.0,1.0,1.0,1.0,-1.0,1.0,-1.0,0.0,0.0,0.0,0.0,0.0,0.0,1.0,1.0
517,20680,1.0,1.0,1.0,1.0,1.0,-1.0,1.0,-1.0,0.0,0.0,0.0,0.0,0.0,0.0,1.0,1.0
518,20720,1.0,1.0,1.0,1.0,1.0,-1.0,1.0,-1.0,0.0,0.0,0.0,0.0,0.0,0.0,1.0,1.0
519,20760,1.0,1.0,1.0,1.0,1.0,-1.0,1.0,-1.0,0.0,0.0,0.0,0.0,0.0,0.0,1.0,1.0
520,20800,1.0,1.0,1.0,1.0,1.0,-1.0,1.0,-1.0,0.0,0.0,0.0,0.0,0.0,0.0,1.0,1.0
521,20840,1.0,1.0,1.0,1.0,1.0,-1.0,1.0,-1.0,0.16,0.33,0.33,1.0,1.0,0.06,1.0,1.0
522,20880,1.0,1.0,1.0,1.0,1.0,-1.0,1.0,-1.0,0.13,-1.0,-1.0,0.02,0.02,0.06,1.0,1.0
523,20920,1.0,1.0,1.0,1.0,1.0,-1.0,1.0,-1.0,0.164,-0.832,-0.832,-0.184,-0.184,0.084,1.0,1.0
524,20960,1.0,1.0,1.0,1.0,1.0,-1.0,1.0,-1.0,0.198,-0.664,-0.664,-0.388,-0.388,0.108,1.0,1.0
525,21000,1.0,1.0,1.0,1.0,1.0,-1.0,1.0,-1.0,0.232,-0.496,-0.496,-0.592,-0.592,0.132,1.0,1.0
526,21040,1.0,1.0,1.0,1.0,1.0,-1.0,1.0,-1.0,0.266,-0.328,-0.328,-0.796,-0.796,0.156,1.0,1.0
527,21080,1.0,1.0,1.0,1.0,1.0,-1.0,1.0,-1.0,0.3,-0.16,-0.16,-1.0,-1.0,0.18,1.0,1.0
528,21120,1.0,1.0,1.0,1.0,1.0,-1.0,1.0,-1.0,0.13,-1.0,-1.0,0.02,0.02,0.06,1.0,1.0
529,21160,1.0,1.0,1.0,1.0,1.0,-1.0,1.0,-1.0,0.162,-1.0,-1.0,0.024,0.024,0.112,1.0,1.0
530,21200,1.0,1.0,1.0,1.0,1.0,-1.0,1.0,-1.0,0.194,-1.0,-1.0,0.028,0.028,0.164,1.0,1.0
531,21240,1.0,1.0,1.0,1.0,1.0,-1.0,1.0,-1.0,0.226,-1.0,-1.0,0.032,0.032,0.216,1.0,1.0
532,21280,1.0,1.0,1.0,1.0,1.0,-1.0,1.0,-1.0,0.258,-1.0,-1.0,0.036,0.036,0.268,1.0,1.0
533,21320,1.0,1.0,1.0,1.0,1.0,-1.0,1.0,-1.0,0.29,-1.0,-1.0,0.04,0.04,0.32,1.0,1.0
534,21360,1.0,1.0,1.0,1.0,1.0,-1.0,1.0,-1.0,0.0,-1.0,-1.0,-0.32,-0.32,-0.37,1.0,1.0
535,21400,1.0,1.0,1.0,1.0,1.0,-1.0,1.0,-1.0,0.092,-0.762,-0.762,-0.456,-0.456,-0.248,1.0,1.0
536,21440,1.0,1.0,1.0,1.0,1.0,-1.0,1.0,-1.0,0.184,-0.524,-0.524,-0.592,-0.592,-0.126,1.0,1.0
537,21480,1.0,1.0,1.0,1.0,1.0,-1.0,1.0,-1.0,0.276,-0.286,-0.286,-0.728,-0.728,-0.004,1.0,1.0
538,21520,1.0,1.0,1.0,1.0,1.0,-1.0,1.0,-1.0,0.368,-0.048,-0.048,-0.864,-0.864,0.118,1.0,1.0
539,21560,1.0,1.0,1.0,1.0,1.0,-1.0,1.0,-1.0,0.46,0.19,0.19,-1.0,-1.0,0.24,1.0,1.0
540,21600,1.0,1.0,1.0,1.0,1.0,-1.0,1.0,-1.0,0.13,-1.0,-1.0,0.02,0.02,0.06,1.0,1.0
541,21640,1.0,1.0,1.0,1.0,1.0,-1.0,1.0,-1.0,0.0975,-0.75,-0.75,0.015,0.015,0.045,1.0,1.0
542,21680,1.0,1.0,1.0,1.0,1.0,-1.0,1.0,-1.0,0.065,-0.5,-0.5,0.01,0.01,0.03,1.0,1.0
543,21720,1.0,1.0,1.0,1.0,1.0,-1.0,1.0,-1.0,0.0325,-0.25,-0.25,0.005,0.005,0.015,1.0,1.0
544,21760,1.0,1.0,1.0,1.0,1.0,-1.0,1.0,-1.0,0.0,0.0,0.0,0.0,0.0,0.0,1.0,1.0
545,21800,1.0,1.0,1.0,1.0,1.0,-1.0,1.0,-1.0,0.0,0.0,0.0,0.0,0.0,0.0,1.0,1.0
546,21840,1.0,1.0,1.0,1.0,1.0,-1.0,1.0,-1.0,0.0,0.0,0.0,0.0,0.0,0.0,1.0,1.0
547,21880,1.0,1.0,1.0,1.0,1.0,-1.0,1.0,-1.0,0.0,0.0,0.0,0.0,0.0,0.0,1.0,1.0
548,21920,1.0,1.0,1.0,1.0,1.0,-1.0,1.0,-1.0,0.0,0.0,0.0,0.0,0.0,0.0,1.0,1.0
549,21960,1.0,1.0,1.0,1.0,1.0,-1.0,1.0,-1.0,0.0,0.0,0.0,0.0,0.0,0.0,1.0,1.0
550,22000,1.0,1.0,1.0,1.0,1.0,-1.0,1.0,-1.0,0.0,0.0,0.0,0.0,0.0,0.0,1.0,1.0
551,22040,1.0,1.0,1.0,1.0,1.0,-1.0,1.0,-1.0,0.0,0.0,0.0,0.0,0.0,0.0,1.0,1.0
552,22080,1.0,1.0,1.0,1.0,1.0,-1.0,1.0,-1.0,0.13,-1.0,-1.0,0.02,0.02,0.06,1.0,1.0
553,22120,1.0,1.0,1.0,1.0,1.0,-1.0,1.0,-1.0,0.136,-0.734,-0.734,0.216,0.216,0.06,1.0,1.0
554,22160,1.0,1.0,1.0,1.0,1.0,-1.0,1.0,-1.0,0.142,-0.468,-0.468,0.412,0.412,0.06,1.0,1.0
555,22200,1.0,1.0,1.0,1.0,1.0,-1.0,1.0,-1.0,0.148,-0.202,-0.202,0.608,0.608,0.06,1.0,1.0
556,22240,1.0,1.0,1.0,1.0,1.0,-1.0,1.0,-1.0,0.154,0.064,0.064,0.804,0.804,0.06,1.0,1.0
557,22280,1.0,1.0,1.0,1.0,1.0,-1.0,1.0,-1.0,0.16,0.33,0.33,1.0,1.0,0.06,1.0,1.0
558,22320,1.0,1.0,1.0,1.0,1.0,-1.0,1.0,-1.0,0.13,-1.0,-1.0,0.02,0.02,0.06,1.0,1.0
559,22360,1.0,1.0,1.0,1.0,1.0,-1.0,1.0,-1.0,0.136,-0.6,-0.6,0.026,0.026,0.072,1.0,1.0
560,22400,1.0,1.0,1.0,1.0,1.0,-1.0,1.0,-1.0,0.142,-0.2,-0.2,0.032,0.032,0.084,1.0,1.0
561,22440,1.0,1.0,1.0,1.0,1.0,-1.0,1.0,-1.0,0.148,0.2,0.2,0.038,0.038,0.096,1.0,1.0
562,22480,1.0,1.0,1.0,1.0,1.0,-1.0,1.0,-1.0,0.154,0.6,0.6,0.044,0.044,0.108,1.0,1.0
563,22520,1.0,1.0,1.0,1.0,1.0,-1.0,1.0,-1.0,0.16,1.0,1.0,0.05,0.05,0.12,1.0,1.0
564,22560,1.0,1.0,1.0,1.0,1.0,-1.0,1.0,-1.0,0.13,-1.0,-1.0,0.02,0.02,0.06,1.0,1.0
565,22600,1.0,1.0,1.0,1.0,1.0,-1.0,1.0,-1.0,0.162,-1.0,-1.0,0.024,0.024,0.112,1.0,1.0
566,22640,1.0,1.0,1.0,1.0,1.0,-1.0,1.0,-1.0,0.194,-1.0,-1.0,0.028,0.028,0.164,1.0,1.0
567,22680,1.0,1.0,1.0,1.0,1.0,-1.0,1.0,-1.0,0.226,-1.0,-1.0,0.032,0.032,0.216,1.0,1.0
568,22720,1.0,1.0,1.0,1.0,1.0,-1.0,1.0,-1.0,0.258,-1.0,-1.0,0.036,0.036,0.268,1.0,1.0
569,22760,1.0,1.0,1.0,1.0,1.0,-1.0,1.0,-1.0,0.29,-1.0,-1.0,0.04,0.04,0.32,1.0,1.0
570,22800,1.0,1.0,1.0,1.0,1.0,-1.0,1.0,-1.0,0.2175,-0.75,-0.75,0.03,0.03,0.24,1.0,1.0
571,22840,1.0,1.0,1.0,1.0,1.0,-1.0,1.0,-1.0,0.145,-0.5,-0.5,0.02,0.02,0.16,1.0,1.0
572,22880,1.0,1.0,1.0,1.0,1.0,-1.0,1.0,-1.0,0.0725,-0.25,-0.25,0.01,0.01,0.08,1.0,1.0
573,22920,1.0,1.0,1.0,1.0,1.0,-1.0,1.0,-1.0,0.0,0.0,0.0,0.0,0.0,0.0,1.0,1.0
574,22960,1.0,1.0,1.0,1.0,1.0,-1.0,1.0,-1.0,0.0,0.0,0.0,0.0,0.0,0.0,1.0,1.0
575,23000,1.0,1.0,1.0,1.0,1.0,-1.0,1.0,-1.0,0.0,0.0,0.0,0.0,0.0,0.0,1.0,1.0
576,23040,1.0,1.0,1.0,1.0,1.0,-1.0,1.0,-1.0,0.0,0.0,0.0,0.0,0.0,0.0,1.0,1.0
577,23080,1.0,1.0,1.0,1.0,1.0,-1.0,1.0,-1.0,0.0,0.0,0.0,0.0,0.0,0.0,1.0,1.0
578,23120,1.0,1.0,1.0,1.0,1.0,-1.0,1.0,-1.0,0.0,0.0,0.0,0.0,0.0,0.0,1.0,1.0
579,23160,1.0,1.0,1.0,1.0,1.0,-1.0,1.0,-1.0,0.148,0.2,0.2,0.038,0.038,0.096,1.0,1.0
580,23200,1.0,1.0,1.0,1.0,1.0,-1.0,1.0,-1.0,0.154,0.6,0.6,0.044,0.044,0.108,1.0,1.0
581,23240,1.0,1.0,1.0,1.0,1.0,-1.0,1.0,-1.0,0.16,1.0,1.0,0.05,0.05,0.12,1.0,1.0
582,23280,1.0,1.0,1.0,1.0,1.0,-1.0,1.0,-1.0,0.16,1.0,1.0,0.05,0.05,0.12,1.0,1.0
583,23320,1.0,1.0,1.0,1.0,1.0,-1.0,1.0,-1.0,0.16,0.866,0.866,0.24,0.24,0.108,1.0,1.0
584,23360,1.0,1.0,1.0,1.0,1.0,-1.0,1.0,-1.0,0.106667,0.577333,0.577333,0.16,0.16,0.072,1.0,1.0
585,23400,1.0,1.0,1.0,1.0,1.0,-1.0,1.0,-1.0,0.053333,0.288667,0.288667,0.08,0.08,0.036,1.0,1.0
586,23440,1.0,1.0,1.0,1.0,1.0,-1.0,1.0,-1.0,0.0,0.0,0.0,0.0,0.0,0.0,1.0,1.0
587,23480,1.0,1.0,1.0,1.0,1.0,-1.0,1.0,-1.0,0.16,0.33,0.33,1.0,1.0,0.06,1.0,1.0
588,23520,1.0,1.0,1.0,1.0,1.0,-1.0,1.0,-1.0,0.06,1.0,1.0,0.08,0.08,0.24,1.0,1.0
589,23560,1.0,1.0,1.0,1.0,1.0,-1.0,1.0,-1.0,0.14,0.838,0.838,-0.136,-0.136,0.24,1.0,1.0
590,23600,1.0,1.0,1.0,1.0,1.0,-1.0,1.0,-1.0,0.22,0.676,0.676,-0.352,-0.352,0.24,1.0,1.0
591,23640,1.0,1.0,1.0,1.0,1.0,-1.0,1.0,-1.0,0.3,0.514,0.514,-0.568,-0.568,0.24,1.0,1.0
592,23680,1.0,1.0,1.0,1.0,1.0,-1.0,1.0,-1.0,0.38,0.352,0.352,-0.784,-0.784,0.24,1.0,1.0
593,23720,1.0,1.0,1.0,1.0,1.0,-1.0,1.0,-1.0,0.46,0.19,0.19,-1.0,-1.0,0.24,1.0,1.0
594,23760,1.0,1.0,1.0,1.0,1.0,-1.0,1.0,-1.0,0.13,-1.0,-1.0,0.02,0.02,0.06,1.0,1.0
595,23800,1.0,1.0,1.0,1.0,1.0,-1.0,1.0,-1.0,0.162,-1.0,-1.0,0.024,0.024,0.112,1.0,1.0
596,23840,1.0,1.0,1.0,1.0,1.0,-1.0,1.0,-1.0,0.194,-1.0,-1.0,0.028,0.028,0.164,1.0,1.0
597,23880,1.0,1.0,1.0,1.0,1.0,-1.0,1.0,-1.0,0.226,-1.0,-1.0,0.032,0.032,0.216,1.0,1.0
598,23920,1.0,1.0,1.0,1.0,1.0,-1.0,1.0,-1.0,0.258,-1.0,-1.0,0.036,0.036,0.268,1.0,1.0
599,23960,1.0,1.0,1.0,1.0,1.0,-1.0,1.0,-1.0,0.29,-1.0,-1.0,0.04,0.04,0.32,1.0,1.0
600,24000,1.0,1.0,1.0,1.0,1.0,-1.0,1.0,-1.0,0.16,0.33,0.33,1.0,1.0,0.06,1.0,1.0
601,24040,1.0,1.0,1.0,1.0,1.0,-1.0,1.0,-1.0,0.16,0.33,0.33,1.0,1.0,0.06,1.0,1.0
602,24080,1.0,1.0,1.0,1.0,1.0,-1.0,1.0,-1.0,0.16,0.33,0.33,1.0,1.0,0.06,1.0,1.0
603,24120,1.0,1.0,1.0,1.0,1.0,-1.0,1.0,-1.0,0.16,0.33,0.33,1.0,1.0,0.06,1.0,1.0
604,24160,1.0,1.0,1.0,1.0,1.0,-1.0,1.0,-1.0,0.16,0.33,0.33,1.0,1.0,0.06,1.0,1.0
605,24200,1.0,1.0,1.0,1.0,1.0,-1.0,1.0,-1.0,0.16,0.33,0.33,1.0,1.0,0.06,1.0,1.0
606,24240,1.0,1.0,1.0,1.0,1.0,-1.0,1.0,-1.0,0.16,0.33,0.33,1.0,1.0,0.06,1.0,1.0
607,24280,1.0,1.0,1.0,1.0,1.0,-1.0,1.0,-1.0,0.16,0.33,0.33,1.0,1.0,0.06,1.0,1.0
608,24320,1.0,1.0,1.0,1.0,1.0,-1.0,1.0,-1.0,0.16,0.33,0.33,1.0,1.0,0.06,1.0,1.0
609,24360,1.0,1.0,1.0,1.0,1.0,-1.0,1.0,-1.0,0.16,0.33,0.33,1.0,1.0,0.06,1.0,1.0
610,24400,1.0,1.0,1.0,1.0,1.0,-1.0,1.0,-1.0,0.16,0.33,0.33,1.0,1.0,0.06,1.0,1.0
611,24440,1.0,1.0,1.0,1.0,1.0,-1.0,1.0,-1.0,0.16,0.33,0.33,1.0,1.0,0.06,1.0,1.0
612,24480,1.0,1.0,1.0,1.0,1.0,-1.0,1.0,-1.0,0.12,0.2475,0.2475,0.75,0.75,0.045,1.0,1.0
613,24520,1.0,1.0,1.0,1.0,1.0,-1.0,1.0,-1.0,0.08,0.165,0.165,0.5,0.5,0.03,1.0,1.0
614,24560,1.0,1.0,1.0,1.0,1.0,-1.0,1.0,-1.0,0.04,0.0825,0.0825,0.25,0.25,0.015,1.0,1.0
615,24600,1.0,1.0,1.0,1.0,1.0,-1.0,1.0,-1.0,0.0,0.0,0.0,0.0,0.0,0.0,1.0,1.0
616,24640,1.0,1.0,1.0,1.0,1.0,-1.0,1.0,-1.0,0.0,0.0,0.0,0.0,0.0,0.0,1.0,1.0
617,24680,1.0,1.0,1.0,1.0,1.0,-1.0,1.0,-1.0,0.0,0.0,0.0,0.0,0.0,0.0,1.0,1.0
618,24720,1.0,1.0,1.0,1.0,1.0,-1.0,1.0,-1.0,0.0,0.0,0.0,0.0,0.0,0.0,1.0,1.0
619,24760,1.0,1.0,1.0,1.0,1.0,-1.0,1.0,-1.0,0.0,0.0,0.0,0.0,0.0,0.0,1.0,1.0
620,24800,1.0,1.0,1.0,1.0,1.0,-1.0,1.0,-1.0,0.194,-1.0,-1.0,0.028,0.028,0.164,1.0,1.0
621,24840,1.0,1.0,1.0,1.0,1.0,-1.0,1.0,-1.0,0.226,-1.0,-1.0,0.032,0.032,0.216,1.0,1.0
622,24880,1.0,1.0,1.0,1.0,1.0,-1.0,1.0,-1.0,0.258,-1.0,-1.0,0.036,0.036,0.268,1.0,1.0
623,24920,1.0,1.0,1.0,1.0,1.0,-1.0,1.0,-1.0,0.29,-1.0,-1.0,0.04,0.04,0.32,1.0,1.0
624,24960,1.0,1.0,1.0,1.0,1.0,-1.0,1.0,-1.0,0.0,-1.0,-1.0,-0.32,-0.32,-0.37,1.0,1.0
625,25000,1.0,1.0,1.0,1.0,1.0,-1.0,1.0,-1.0,0.092,-0.762,-0.762,-0.456,-0.456,-0.248,1.0,1.0
626,25040,1.0,1.0,1.0,1.0,1.0,-1.0,1.0,-1.0,0.184,-0.524,-0.524,-0.592,-0.592,-0.126,1.0,1.0
627,25080,1.0,1.0,1.0,1.0,1.0,-1.0,1.0,-1.0,0.276,-0.286,-0.286,-0.728,-0.728,-0.004,1.0,1.0
628,25120,1.0,1.0,1.0,1.0,1.0,-1.0,1.0,-1.0,0.368,-0.048,-0.048,-0.864,-0.864,0.118,1.0,1.0
629,25160,1.0,1.0,1.0,1.0,1.0,-1.0,1.0,-1.0,0.46,0.19,0.19,-1.0,-1.0,0.24,1.0,1.0
630,25200,1.0,1.0,1.0,1.0,1.0,-1.0,1.0,-1.0,0.0,-1.0,-1.0,-0.32,-0.32,-0.37,1.0,1.0
631,25240,1.0,1.0,1.0,1.0,1.0,-1.0,1.0,-1.0,0.032,-0.6,-0.6,-0.246,-0.246,-0.272,1.0,1.0
632,25280,1.0,1.0,1.0,1.0,1.0,-1.0,1.0,-1.0,0.064,-0.2,-0.2,-0.172,-0.172,-0.174,1.0,1.0
633,25320,1.0,1.0,1.0,1.0,1.0,-1.0,1.0,-1.0,0.096,0.2,0.2,-0.098,-0.098,-0.076,1.0,1.0
634,25360,1.0,1.0,1.0,1.0,1.0,-1.0,1.0,-1.0,0.128,0.6,0.6,-0.024,-0.024,0.022,1.0,1.0
635,25400,1.0,1.0,1.0,1.0,1.0,-1.0,1.0,-1.0,0.16,1.0,1.0,0.05,0.05,0.12,1.0,1.0
636,25440,1.0,1.0,1.0,1.0,1.0,-1.0,1.0,-1.0,0.0,-1.0,-1.0,-0.32,-0.32,-0.37,1.0,1.0
637,25480,1.0,1.0,1.0,1.0,1.0,-1.0,1.0,-1.0,0.06,-0.832,-0.832,-0.456,-0.456,-0.26,1.0,1.0
638,25520,1.0,1.0,1.0,1.0,1.0,-1.0,1.0,-1.0,0.12,-0.664,-0.664,-0.592,-0.592,-0.15,1.0,1.0
639,25560,1.0,1.0,1.0,1.0,1.0,-1.0,1.0,-1.0,0.18,-0.496,-0.496,-0.728,-0.728,-0.04,1.0,1.0
640,25600,1.0,1.0,1.0,1.0,1.0,-1.0,1.0,-1.0,0.24,-0.328,-0.328,-0.864,-0.864,0.07,1.0,1.0
641,25640,1.0,1.0,1.0,1.0,1.0,-1.0,1.0,-1.0,0.3,-0.16,-0.16,-1.0,-1.0,0.18,1.0,1.0
642,25680,1.0,1.0,1.0,1.0,1.0,-1.0,1.0,-1.0,0.16,0.33,0.33,1.0,1.0,0.06,1.0,1.0
643,25720,1.0,1.0,1.0,1.0,1.0,-1.0,1.0,-1.0,0.186,0.064,0.064,0.808,0.808,0.112,1.0,1.0
644,25760,1.0,1.0,1.0,1.0,1.0,-1.0,1.0,-1.0,0.212,-0.202,-0.202,0.616,0.616,0.164,1.0,1.0
645,25800,1.0,1.0,1.0,1.0,1.0,-1.0,1.0,-1.0,0.238,-0.468,-0.468,0.424,0.424,0.216,1.0,1.0
646,25840,1.0,1.0,1.0,1.0,1.0,-1.0,1.0,-1.0,0.264,-0.734,-0.734,0.232,0.232,0.268,1.0,1.0
647,25880,1.0,1.0,1.0,1.0,1.0,-1.0,1.0,-1.0,0.29,-1.0,-1.0,0.04,0.04,0.32,1.0,1.0
648,25920,1.0,1.0,1.0,1.0,1.0,-1.0,1.0,-1.0,0.13,-1.0,-1.0,0.02,0.02,0.06,1.0,1.0
649,25960,1.0,1.0,1.0,1.0,1.0,-1.0,1.0,-1.0,0.162,-1.0,-1.0,0.024,0.024,0.112,1.0,1.0
650,26000,1.0,1.0,1.0,1.0,1.0,-1.0,1.0,-1.0,0.194,-1.0,-1.0,0.028,0.028,0.164,1.0,1.0
651,26040,1.0,1.0,1.0,1.0,1.0,-1.0,1.0,-1.0,0.226,-1.0,-1.0,0.032,0.032,0.216,1.0,1.0
652,26080,1.0,1.0,1.0,1.0,1.0,-1.0,1.0,-1.0,0.258,-1.0,-1.0,0.036,0.036,0.268,1.0,1.0
653,26120,1.0,1.0,1.0,1.0,1.0,-1.0,1.0,-1.0,0.1935,-0.75,-0.75,0.027,0.027,0.201,1.0,1.0
654,26160,1.0,1.0,1.0,1.0,1.0,-1.0,1.0,-1.0,0.129,-0.5,-0.5,0.018,0.018,0.134,1.0,1.0
655,26200,1.0,1.0,1.0,1.0,1.0,-1.0,1.0,-1.0,0.0645,-0.25,-0.25,0.009,0.009,0.067,1.0,1.0
656,26240,1.0,1.0,1.0,1.0,1.0,-1.0,1.0,-1.0,0.0,0.0,0.0,0.0,0.0,0.0,1.0,1.0
657,26280,1.0,1.0,1.0,1.0,1.0,-1.0,1.0,-1.0,0.226,-1.0,-1.0,0.032,0.032,0.216,1.0,1.0
658,26320,1.0,1.0,1.0,1.0,1.0,-1.0,1.0,-1.0,0.258,-1.0,-1.0,0.036,0.036,0.268,1.0,1.0
659,26360,1.0,1.0,1.0,1.0,1.0,-1.0,1.0,-1.0,0.29,-1.0,-1.0,0.04,0.04,0.32,1.0,1.0
660,26400,1.0,1.0,1.0,1.0,1.0,-1.0,1.0,-1.0,0.13,-1.0,-1.0,0.02,0.02,0.06,1.0,1.0
661,26440,1.0,1.0,1.0,1.0,1.0,-1.0,1.0,-1.0,0.086667,-0.666667,-0.666667,0.013333,0.013333,0.04,1.0,1.0
662,26480,1.0,1.0,1.0,1.0,1.0,-1.0,1.0,-1.0,0.043333,-0.333333,-0.333333,0.006667,0.006667,0.02,1.0,1.0
663,26520,1.0,1.0,1.0,1.0,1.0,-1.0,1.0,-1.0,0.0,0.0,0.0,0.0,0.0,0.0,1.0,1.0
664,26560,1.0,1.0,1.0,1.0,1.0,-1.0,1.0,-1.0,0.154,0.064,0.064,0.804,0.804,0.06,1.0,1.0
665,26600,1.0,1.0,1.0,1.0,1.0,-1.0,1.0,-1.0,0.16,0.33,0.33,1.0,1.0,0.06,1.0,1.0
666,26640,1.0,1.0,1.0,1.0,1.0,-1.0,1.0,-1.0,0.29,-1.0,-1.0,0.04,0.04,0.32,1.0,1.0
667,26680,1.0,1.0,1.0,1.0,1.0,-1.0,1.0,-1.0,0.292,-0.832,-0.832,-0.168,-0.168,0.292,1.0,1.0
668,26720,1.0,1.0,1.0,1.0,1.0,-1.0,1.0,-1.0,0.219,-0.624,-0.624,-0.126,-0.126,0.219,1.0,1.0
669,26760,1.0,1.0,1.0,1.0,1.0,-1.0,1.0,-1.0,0.146,-0.416,-0.416,-0.084,-0.084,0.146,1.0,1.0
670,26800,1.0,1.0,1.0,1.0,1.0,-1.0,1.0,-1.0,0.073,-0.208,-0.208,-0.042,-0.042,0.073,1.0,1.0
671,26840,1.0,1.0,1.0,1.0,1.0,-1.0,1.0,-1.0,0.0,0.0,0.0,0.0,0.0,0.0,1.0,1.0
672,26880,1.0,1.0,1.0,1.0,1.0,-1.0,1.0,-1.0,0.0,0.0,0.0,0.0,0.0,0.0,1.0,1.0
673,26920,1.0,1.0,1.0,1.0,1.0,-1.0,1.0,-1.0,0.0,0.0,0.0,0.0,0.0,0.0,1.0,1.0
674,26960,1.0,1.0,1.0,1.0,1.0,-1.0,1.0,-1.0,0.0,0.0,0.0,0.0,0.0,0.0,1.0,1.0
675,27000,1.0,1.0,1.0,1.0,1.0,-1.0,1.0,-1.0,0.226,-1.0,-1.0,0.032,0.032,0.216,1.0,1.0
676,27040,1.0,1.0,1.0,1.0,1.0,-1.0,1.0,-1.0,0.258,-1.0,-1.0,0.036,0.036,0.268,1.0,1.0
677,27080,1.0,1.0,1.0,1.0,1.0,-1.0,1.0,-1.0,0.29,-1.0,-1.0,0.04,0.04,0.32,1.0,1.0
678,27120,1.0,1.0,1.0,1.0,1.0,-1.0,1.0,-1.0,0.16,0.33,0.33,1.0,1.0,0.06,1.0,1.0
679,27160,1.0,1.0,1.0,1.0,1.0,-1.0,1.0,-1.0,0.16,0.33,0.33,1.0,1.0,0.06,1.0,1.0
680,27200,1.0,1.0,1.0,1.0,1.0,-1.0,1.0,-1.0,0.16,0.33,0.33,1.0,1.0,0.06,1.0,1.0
681,27240,1.0,1.0,1.0,1.0,1.0,-1.0,1.0,-1.0,0.16,0.33,0.33,1.0,1.0,0.06,1.0,1.0
682,27280,1.0,1.0,1.0,1.0,1.0,-1.0,1.0,-1.0,0.16,0.33,0.33,1.0,1.0,0.06,1.0,1.0
683,27320,1.0,1.0,1.0,1.0,1.0,-1.0,1.0,-1.0,0.16,0.33,0.33,1.0,1.0,0.06,1.0,1.0
684,27360,1.0,1.0,1.0,1.0,1.0,-1.0,1.0,-1.0,0.13,-1.0,-1.0,0.02,0.02,0.06,1.0,1.0
685,27400,1.0,1.0,1.0,1.0,1.0,-1.0,1.0,-1.0,0.164,-0.832,-0.832,-0.184,-0.184,0.084,1.0,1.0
686,27440,1.0,1.0,1.0,1.0,1.0,-1.0,1.0,-1.0,0.198,-0.664,-0.664,-0.388,-0.388,0.108,1.0,1.0
687,27480,1.0,1.0,1.0,1.0,1.0,-1.0,1.0,-1.0,0.232,-0.496,-0.496,-0.592,-0.592,0.132,1.0,1.0
688,27520,1.0,1.0,1.0,1.0,1.0,-1.0,1.0,-1.0,0.266,-0.328,-0.328,-0.796,-0.796,0.156,1.0,1.0
689,27560,1.0,1.0,1.0,1.0,1.0,-1.0,1.0,-1.0,0.3,-0.16,-0.16,-1.0,-1.0,0.18,1.0,1.0
690,27600,1.0,1.0,1.0,1.0,1.0,-1.0,1.0,-1.0,0.16,0.33,0.33,1.0,1.0,0.06,1.0,1.0
691,27640,1.0,1.0,1.0,1.0,1.0,-1.0,1.0,-1.0,0.16,0.33,0.33,1.0,1.0,0.06,1.0,1.0
692,27680,1.0,1.0,1.0,1.0,1.0,-1.0,1.0,-1.0,0.16,0.33,0.33,1.0,1.0,0.06,1.0,1.0
693,27720,1.0,1.0,1.0,1.0,1.0,-1.0,1.0,-1.0,0.16,0.33,0.33,1.0,1.0,0.06,1.0,1.0
694,27760,1.0,1.0,1.0,1.0,1.0,-1.0,1.0,-1.0,0.16,0.33,0.33,1.0,1.0,0.06,1.0,1.0
695,27800,1.0,1.0,1.0,1.0,1.0,-1.0,1.0,-1.0,0.16,0.33,0.33,1.0,1.0,0.06,1.0,1.0
696,27840,1.0,1.0,1.0,1.0,1.0,-1.0,1.0,-1.0,0.13,-1.0,-1.0,0.02,0.02,0.06,1.0,1.0
697,27880,1.0,1.0,1.0,1.0,1.0,-1.0,1.0,-1.0,0.162,-1.0,-1.0,0.024,0.024,0.112,1.0,1.0
698,27920,1.0,1.0,1.0,1.0,1.0,-1.0,1.0,-1.0,0.194,-1.0,-1.0,0.028,0.028,0.164,1.0,1.0
699,27960,1.0,1.0,1.0,1.0,1.0,-1.0,1.0,-1.0,0.226,-1.0,-1.0,0.032,0.032,0.216,1.0,1.0
700,28000,1.0,1.0,1.0,1.0,1.0,-1.0,1.0,-1.0,0.258,-1.0,-1.0,0.036,0.036,0.268,1.0,1.0
701,28040,1.0,1.0,1.0,1.0,1.0,-1.0,1.0,-1.0,0.29,-1.0,-1.0,0.04,0.04,0.32,1.0,1.0
702,28080,1.0,1.0,1.0,1.0,1.0,-1.0,1.0,-1.0,0.06,1.0,1.0,0.08,0.08,0.24,1.0,1.0
703,28120,1.0,1.0,1.0,1.0,1.0,-1.0,1.0,-1.0,0.14,0.838,0.838,-0.136,-0.136,0.24,1.0,1.0
704,28160,1.0,1.0,1.0,1.0,1.0,-1.0,1.0,-1.0,0.22,0.676,0.676,-0.352,-0.352,0.24,1.0,1.0
705,28200,1.0,1.0,1.0,1.0,1.0,-1.0,1.0,-1.0,0.3,0.514,0.514,-0.568,-0.568,0.24,1.0,1.0
706,28240,1.0,1.0,1.0,1.0,1.0,-1.0,1.0,-1.0,0.38,0.352,0.352,-0.784,-0.784,0.24,1.0,1.0
707,28280,1.0,1.0,1.0,1.0,1.0,-1.0,1.0,-1.0,0.46,0.19,0.19,-1.0,-1.0,0.24,1.0,1.0
708,28320,1.0,1.0,1.0,1.0,1.0,-1.0,1.0,-1.0,0.06,1.0,1.0,0.08,0.08,0.24,1.0,1.0
709,28360,1.0,1.0,1.0,1.0,1.0,-1.0,1.0,-1.0,0.14,0.838,0.838,-0.136,-0.136,0.24,1.0,1.0
710,28400,1.0,1.0,1.0,1.0,1.0,-1.0,1.0,-1.0,0.22,0.676,0.676,-0.352,-0.352,0.24,1.0,1.0
711,28440,1.0,1.0,1.0,1.0,1.0,-1.0,1.0,-1.0,0.3,0.514,0.514,-0.568,-0.568,0.24,1.0,1.0
712,28480,1.0,1.0,1.0,1.0,1.0,-1.0,1.0,-1.0,0.38,0.352,0.352,-0.784,-0.784,0.24,1.0,1.0
713,28520,1.0,1.0,1.0,1.0,1.0,-1.0,1.0,-1.0,0.46,0.19,0.19,-1.0,-1.0,0.24,1.0,1.0
714,28560,1.0,1.0,1.0,1.0,1.0,-1.0,1.0,-1.0,0.345,0.1425,0.1425,-0.75,-0.75,0.18,1.0,1.0
715,28600,1.0,1.0,1.0,1.0,1.0,-1.0,1.0,-1.0,0.23,0.095,0.095,-0.5,-0.5,0.12,1.0,1.0
716,28640,1.0,1.0,1.0,1.0,1.0,-1.0,1.0,-1.0,0.115,0.0475,0.0475,-0.25,-0.25,0.06,1.0,1.0
717,28680,1.0,1.0,1.0,1.0,1.0,-1.0,1.0,-1.0,0.0,0.0,0.0,0.0,0.0,0.0,1.0,1.0
718,28720,1.0,1.0,1.0,1.0,1.0,-1.0,1.0,-1.0,0.0,0.0,0.0,0.0,0.0,0.0,1.0,1.0
719,28760,1.0,1.0,1.0,1.0,1.0,-1.0,1.0,-1.0,0.0,0.0,0.0,0.0,0.0,0.0,1.0,1.0
720,28800,1.0,1.0,1.0,1.0,1.0,-1.0,1.0,-1.0,0.0,0.0,0.0,0.0,0.0,0.0,1.0,1.0
721,28840,1.0,1.0,1.0,1.0,1.0,-1.0,1.0,-1.0,0.0,0.0,0.0,0.0,0.0,0.0,1.0,1.0
722,28880,1.0,1.0,1.0,1.0,1.0,-1.0,1.0,-1.0,0.0,0.0,0.0,0.0,0.0,0.0,1.0,1.0
723,28920,1.0,1.0,1.0,1.0,1.0,-1.0,1.0,-1.0,0.0,0.0,0.0,0.0,0.0,0.0,1.0,1.0
724,28960,1.0,1.0,1.0,1.0,1.0,-1.0,1.0,-1.0,0.0,0.0,0.0,0.0,0.0,0.0,1.0,1.0
725,29000,1.0,1.0,1.0,1.0,1.0,-1.0,1.0,-1.0,0.0,0.0,0.0,0.0,0.0,0.0,1.0,1.0
726,29040,1.0,1.0,1.0,1.0,1.0,-1.0,1.0,-1.0,0.0,0.0,0.0,0.0,0.0,0.0,1.0,1.0
727,29080,1.0,1.0,1.0,1.0,1.0,-1.0,1.0,-1.0,0.16,0.33,0.33,1.0,1.0,0.06,1.0,1.0
728,29120,1.0,1.0,1.0,1.0,1.0,-1.0,1.0,-1.0,0.16,0.33,0.33,1.0,1.0,0.06,1.0,1.0
729,29160,1.0,1.0,1.0,1.0,1.0,-1.0,1.0,-1.0,0.16,0.33,0.33,1.0,1.0,0.06,1.0,1.0
730,29200,1.0,1.0,1.0,1.0,1.0,-1.0,1.0,-1.0,0.16,0.33,0.33,1.0,1.0,0.06,1.0,1.0
731,29240,1.0,1.0,1.0,1.0,1.0,-1.0,1.0,-1.0,0.16,0.33,0.33,1.0,1.0,0.06,1.0,1.0
732,29280,1.0,1.0,1.0,1.0,1.0,-1.0,1.0,-1.0,0.16,0.33,0.33,1.0,1.0,0.06,1.0,1.0
733,29320,1.0,1.0,1.0,1.0,1.0,-1.0,1.0,-1.0,0.16,0.33,0.33,1.0,1.0,0.06,1.0,1.0
734,29360,1.0,1.0,1.0,1.0,1.0,-1.0,1.0,-1.0,0.16,0.33,0.33,1.0,1.0,0.06,1.0,1.0
735,29400,1.0,1.0,1.0,1.0,1.0,-1.0,1.0,-1.0,0.16,0.33,0.33,1.0,1.0,0.06,1.0,1.0
736,29440,1.0,1.0,1.0,1.0,1.0,-1.0,1.0,-1.0,0.16,0.33,0.33,1.0,1.0,0.06,1.0,1.0
737,29480,1.0,1.0,1.0,1.0,1.0,-1.0,1.0,-1.0,0.12,0.2475,0.2475,0.75,0.75,0.045,1.0,1.0
738,29520,1.0,1.0,1.0,1.0,1.0,-1.0,1.0,-1.0,0.08,0.165,0.165,0.5,0.5,0.03,1.0,1.0
739,29560,1.0,1.0,1.0,1.0,1.0,-1.0,1.0,-1.0,0.04,0.0825,0.0825,0.25,0.25,0.015,1.0,1.0
740,29600,1.0,1.0,1.0,1.0,1.0,-1.0,1.0,-1.0,0.0,0.0,0.0,0.0,0.0,0.0,1.0,1.0
741,29640,1.0,1.0,1.0,1.0,1.0,-1.0,1.0,-1.0,0.0,0.0,0.0,0.0,0.0,0.0,1.0,1.0
742,29680,1.0,1.0,1.0,1.0,1.0,-1.0,1.0,-1.0,0.0,0.0,0.0,0.0,0.0,0.0,1.0,1.0
743,29720,1.0,1.0,1.0,1.0,1.0,-1.0,1.0,-1.0,0.0,0.0,0.0,0.0,0.0,0.0,1.0,1.0
744,29760,1.0,1.0,1.0,1.0,1.0,-1.0,1.0,-1.0,0.13,-1.0,-1.0,0.02,0.02,0.06,1.0,1.0
745,29800,1.0,1.0,1.0,1.0,1.0,-1.0,1.0,-1.0,0.162,-1.0,-1.0,0.024,0.024,0.112,1.0,1.0
746,29840,1.0,1.0,1.0,1.0,1.0,-1.0,1.0,-1.0,0.194,-1.0,-1.0,0.028,0.028,0.164,1.0,1.0
747,29880,1.0,1.0,1.0,1.0,1.0,-1.0,1.0,-1.0,0.226,-1.0,-1.0,0.032,0.032,0.216,1.0,1.0
748,29920,1.0,1.0,1.0,1.0,1.0,-1.0,1.0,-1.0,0.258,-1.0,-1.0,0.036,0.036,0.268,1.0,1.0
749,29960,1.0,1.0,1.0,1.0,1.0,-1.0,1.0,-1.0,0.29,-1.0,-1.0,0.04,0.04,0.32,1.0,1.0
750,30000,1.0,1.0,1.0,1.0,1.0,-1.0,1.0,-1.0,0.29,-1.0,-1.0,0.04,0.04,0.32,1.0,1.0
751,30040,1.0,1.0,1.0,1.0,1.0,-1.0,1.0,-1.0,0.2175,-0.75,-0.75,0.03,0.03,0.24,1.0,1.0
752,30080,1.0,1.0,1.0,1.0,1.0,-1.0,1.0,-1.0,0.145,-0.5,-0.5,0.02,0.02,0.16,1.0,1.0
753,30120,1.0,1.0,1.0,1.0,1.0,-1.0,1.0,-1.0,0.0725,-0.25,-0.25,0.01,0.01,0.08,1.0,1.0
754,30160,1.0,1.0,1.0,1.0,1.0,-1.0,1.0,-1.0,0.0,0.0,0.0,0.0,0.0,0.0,1.0,1.0
755,30200,1.0,1.0,1.0,1.0,1.0,-1.0,1.0,-1.0,0.3,-0.16,-0.16,-1.0,-1.0,0.18,1.0,1.0
756,30240,1.0,1.0,1.0,1.0,1.0,-1.0,1.0,-1.0,0.29,-1.0,-1.0,0.04,0.04,0.32,1.0,1.0
757,30280,1.0,1.0,1.0,1.0,1.0,-1.0,1.0,-1.0,0.29,-1.0,-1.0,0.04,0.04,0.32,1.0,1.0
758,30320,1.0,1.0,1.0,1.0,1.0,-1.0,1.0,-1.0,0.29,-1.0,-1.0,0.04,0.04,0.32,1.0,1.0
759,30360,1.0,1.0,1.0,1.0,1.0,-1.0,1.0,-1.0,0.29,-1.0,-1.0,0.04,0.04,0.32,1.0,1.0
760,30400,1.0,1.0,1.0,1.0,1.0,-1.0,1.0,-1.0,0.29,-1.0,-1.0,0.04,0.04,0.32,1.0,1.0
761,30440,1.0,1.0,1.0,1.0,1.0,-1.0,1.0,-1.0,0.29,-1.0,-1.0,0.04,0.04,0.32,1.0,1.0
762,30480,1.0,1.0,1.0,1.0,1.0,-1.0,1.0,-1.0,0.16,0.33,0.33,1.0,1.0,0.06,1.0,1.0
763,30520,1.0,1.0,1.0,1.0,1.0,-1.0,1.0,-1.0,0.22,0.302,0.302,0.6,0.6,0.096,1.0,1.0
764,30560,1.0,1.0,1.0,1.0,1.0,-1.0,1.0,-1.0,0.28,0.274,0.274,0.2,0.2,0.132,1.0,1.0
765,30600,1.0,1.0,1.0,1.0,1.0,-1.0,1.0,-1.0,0.34,0.246,0.246,-0.2,-0.2,0.168,1.0,1.0
766,30640,1.0,1.0,1.0,1.0,1.0,-1.0,1.0,-1.0,0.4,0.218,0.218,-0.6,-0.6,0.204,1.0,1.0
767,30680,1.0,1.0,1.0,1.0,1.0,-1.0,1.0,-1.0,0.46,0.19,0.19,-1.0,-1.0,0.24,1.0,1.0
768,30720,1.0,1.0,1.0,1.0,1.0,-1.0,1.0,-1.0,0.16,0.33,0.33,1.0,1.0,0.06,1.0,1.0
769,30760,1.0,1.0,1.0,1.0,1.0,-1.0,1.0,-1.0,0.16,0.33,0.33,1.0,1.0,0.06,1.0,1.0
770,30800,1.0,1.0,1.0,1.0,1.0,-1.0,1.0,-1.0,0.16,0.33,0.33,1.0,1.0,0.06,1.0,1.0
771,30840,1.0,1.0,1.0,1.0,1.0,-1.0,1.0,-1.0,0.16,0.33,0.33,1.0,1.0,0.06,1.0,1.0
772,30880,1.0,1.0,1.0,1.0,1.0,-1.0,1.0,-1.0,0.16,0.33,0.33,1.0,1.0,0.06,1.0,1.0
773,30920,1.0,1.0,1.0,1.0,1.0,-1.0,1.0,-1.0,0.16,0.33,0.33,1.0,1.0,0.06,1.0,1.0
774,30960,1.0,1.0,1.0,1.0,1.0,-1.0,1.0,-1.0,0.13,-1.0,-1.0,0.02,0.02,0.06,1.0,1.0
775,31000,1.0,1.0,1.0,1.0,1.0,-1.0,1.0,-1.0,0.196,-0.762,-0.762,-0.184,-0.184,0.096,1.0,1.0
776,31040,1.0,1.0,1.0,1.0,1.0,-1.0,1.0,-1.0,0.262,-0.524,-0.524,-0.388,-0.388,0.132,1.0,1.0
777,31080,1.0,1.0,1.0,1.0,1.0,-1.0,1.0,-1.0,0.328,-0.286,-0.286,-0.592,-0.592,0.168,1.0,1.0
778,31120,1.0,1.0,1.0,1.0,1.0,-1.0,1.0,-1.0,0.394,-0.048,-0.048,-0.796,-0.796,0.204,1.0,1.0
779,31160,1.0,1.0,1.0,1.0,1.0,-1.0,1.0,-1.0,0.46,0.19,0.19,-1.0,-1.0,0.24,1.0,1.0
780,31200,1.0,1.0,1.0,1.0,1.0,-1.0,1.0,-1.0,0.13,-1.0,-1.0,0.02,0.02,0.06,1.0,1.0
781,31240,1.0,1.0,1.0,1.0,1.0,-1.0,1.0,-1.0,0.136,-0.734,-0.734,0.216,0.216,0.06,1.0,1.0
782,31280,1.0,1.0,1.0,1.0,1.0,-1.0,1.0,-1.0,0.142,-0.468,-0.468,0.412,0.412,0.06,1.0,1.0
783,31320,1.0,1.0,1.0,1.0,1.0,-1.0,1.0,-1.0,0.148,-0.202,-0.202,0.608,0.608,0.06,1.0,1.0
784,31360,1.0,1.0,1.0,1.0,1.0,-1.0,1.0,-1.0,0.154,0.064,0.064,0.804,0.804,0.06,1.0,1.0
785,31400,1.0,1.0,1.0,1.0,1.0,-1.0,1.0,-1.0,0.16,0.33,0.33,1.0,1.0,0.06,1.0,1.0
786,31440,1.0,1.0,1.0,1.0,1.0,-1.0,1.0,-1.0,0.16,0.33,0.33,1.0,1.0,0.06,1.0,1.0
787,31480,1.0,1.0,1.0,1.0,1.0,-1.0,1.0,-1.0,0.16,0.464,0.464,0.81,0.81,0.072,1.0,1.0
788,31520,1.0,1.0,1.0,1.0,1.0,-1.0,1.0,-1.0,0.16,0.598,0.598,0.62,0.62,0.084,1.0,1.0
789,31560,1.0,1.0,1.0,1.0,1.0,-1.0,1.0,-1.0,0.16,0.732,0.732,0.43,0.43,0.096,1.0,1.0
790,31600,1.0,1.0,1.0,1.0,1.0,-1.0,1.0,-1.0,0.12,0.549,0.549,0.3225,0.3225,0.072,1.0,1.0
791,31640,1.0,1.0,1.0,1.0,1.0,-1.0,1.0,-1.0,0.08,0.366,0.366,0.215,0.215,0.048,1.0,1.0
792,31680,1.0,1.0,1.0,1.0,1.0,-1.0,1.0,-1.0,0.04,0.183,0.183,0.1075,0.1075,0.024,1.0,1.0
793,31720,1.0,1.0,1.0,1.0,1.0,-1.0,1.0,-1.0,0.0,0.0,0.0,0.0,0.0,0.0,1.0,1.0
794,31760,1.0,1.0,1.0,1.0,1.0,-1.0,1.0,-1.0,0.0,0.0,0.0,0.0,0.0,0.0,1.0,1.0
795,31800,1.0,1.0,1.0,1.0,1.0,-1.0,1.0,-1.0,0.0,0.0,0.0,0.0,0.0,0.0,1.0,1.0
796,31840,1.0,1.0,1.0,1.0,1.0,-1.0,1.0,-1.0,0.258,-1.0,-1.0,0.036,0.036,0.268,1.0,1.0
797,31880,1.0,1.0,1.0,1.0,1.0,-1.0,1.0,-1.0,0.29,-1.0,-1.0,0.04,0.04,0.32,1.0,1.0
798,31920,1.0,1.0,1.0,1.0,1.0,-1.0,1.0,-1.0,0.13,-1.0,-1.0,0.02,0.02,0.06,1.0,1.0
799,31960,1.0,1.0,1.0,1.0,1.0,-1.0,1.0,-1.0,0.136,-0.734,-0.734,0.216,0.216,0.06,1.0,1.0
800,32000,1.0,1.0,1.0,1.0,1.0,-1.0,1.0,-1.0,0.142,-0.468,-0.468,0.412,0.412,0.06,1.0,1.0
801,32040,1.0,1.0,1.0,1.0,1.0,-1.0,1.0,-1.0,0.148,-0.202,-0.202,0.608,0.608,0.06,1.0,1.0
802,32080,1.0,1.0,1.0,1.0,1.0,-1.0,1.0,-1.0,0.154,0.064,0.064,0.804,0.804,0.06,1.0,1.0
803,32120,1.0,1.0,1.0,1.0,1.0,-1.0,1.0,-1.0,0.16,0.33,0.33,1.0,1.0,0.06,1.0,1.0
804,32160,1.0,1.0,1.0,1.0,1.0,-1.0,1.0,-1.0,0.16,0.33,0.33,1.0,1.0,0.06,1.0,1.0
805,32200,1.0,1.0,1.0,1.0,1.0,-1.0,1.0,-1.0,0.16,0.33,0.33,1.0,1.0,0.06,1.0,1.0
806,32240,1.0,1.0,1.0,1.0,1.0,-1.0,1.0,-1.0,0.106667,0.22,0.22,0.666667,0.666667,0.04,1.0,1.0
807,32280,1.0,1.0,1.0,1.0,1.0,-1.0,1.0,-1.0,0.053333,0.11,0.11,0.333333,0.333333,0.02,1.0,1.0
808,32320,1.0,1.0,1.0,1.0,1.0,-1.0,1.0,-1.0,0.0,0.0,0.0,0.0,0.0,0.0,1.0,1.0
809,32360,1.0,1.0,1.0,1.0,1.0,-1.0,1.0,-1.0,0.16,0.33,0.33,1.0,1.0,0.06,1.0,1.0
810,32400,1.0,1.0,1.0,1.0,1.0,-1.0,1.0,-1.0,0.16,0.33,0.33,1.0,1.0,0.06,1.0,1.0
811,32440,1.0,1.0,1.0,1.0,1.0,-1.0,1.0,-1.0,0.186,0.064,0.064,0.808,0.808,0.112,1.0,1.0
812,32480,1.0,1.0,1.0,1.0,1.0,-1.0,1.0,-1.0,0.212,-0.202,-0.202,0.616,0.616,0.164,1.0,1.0
813,32520,1.0,1.0,1.0,1.0,1.0,-1.0,1.0,-1.0,0.238,-0.468,-0.468,0.424,0.424,0.216,1.0,1.0
814,32560,1.0,1.0,1.0,1.0,1.0,-1.0,1.0,-1.0,0.264,-0.734,-0.734,0.232,0.232,0.268,1.0,1.0
815,32600,1.0,1.0,1.0,1.0,1.0,-1.0,1.0,-1.0,0.29,-1.0,-1.0,0.04,0.04,0.32,1.0,1.0
816,32640,1.0,1.0,1.0,1.0,1.0,-1.0,1.0,-1.0,0.16,0.33,0.33,1.0,1.0,0.06,1.0,1.0
817,32680,1.0,1.0,1.0,1.0,1.0,-1.0,1.0,-1.0,0.106667,0.22,0.22,0.666667,0.666667,0.04,1.0,1.0
818,32720,1.0,1.0,1.0,1.0,1.0,-1.0,1.0,-1.0,0.053333,0.11,0.11,0.333333,0.333333,0.02,1.0,1.0
819,32760,1.0,1.0,1.0,1.0,1.0,-1.0,1.0,-1.0,0.0,0.0,0.0,0.0,0.0,0.0,1.0,1.0
820,32800,1.0,1.0,1.0,1.0,1.0,-1.0,1.0,-1.0,0.272,-0.062,-0.062,-0.6,-0.6,0.156,1.0,1.0
821,32840,1.0,1.0,1.0,1.0,1.0,-1.0,1.0,-1.0,0.3,-0.16,-0.16,-1.0,-1.0,0.18,1.0,1.0
822,32880,1.0,1.0,1.0,1.0,1.0,-1.0,1.0,-1.0,0.13,-1.0,-1.0,0.02,0.02,0.06,1.0,1.0
823,32920,1.0,1.0,1.0,1.0,1.0,-1.0,1.0,-1.0,0.13,-1.0,-1.0,0.02,0.02,0.06,1.0,1.0
824,32960,1.0,1.0,1.0,1.0,1.0,-1.0,1.0,-1.0,0.13,-1.0,-1.0,0.02,0.02,0.06,1.0,1.0
825,33000,1.0,1.0,1.0,1.0,1.0,-1.0,1.0,-1.0,0.13,-1.0,-1.0,0.02,0.02,0.06,1.0,1.0
826,33040,1.0,1.0,1.0,1.0,1.0,-1.0,1.0,-1.0,0.13,-1.0,-1.0,0.02,0.02,0.06,1.0,1.0
827,33080,1.0,1.0,1.0,1.0,1.0,-1.0,1.0,-1.0,0.13,-1.0,-1.0,0.02,0.02,0.06,1.0,1.0
828,33120,1.0,1.0,1.0,1.0,1.0,-1.0,1.0,-1.0,0.29,-1.0,-1.0,0.04,0.04,0.32,1.0,1.0
829,33160,1.0,1.0,1.0,1.0,1.0,-1.0,1.0,-1.0,0.29,-1.0,-1.0,0.04,0.04,0.32,1.0,1.0
830,33200,1.0,1.0,1.0,1.0,1.0,-1.0,1.0,-1.0,0.29,-1.0,-1.0,0.04,0.04,0.32,1.0,1.0
831,33240,1.0,1.0,1.0,1.0,1.0,-1.0,1.0,-1.0,0.29,-1.0,-1.0,0.04,0.04,0.32,1.0,1.0
832,33280,1.0,1.0,1.0,1.0,1.0,-1.0,1.0,-1.0,0.29,-1.0,-1.0,0.04,0.04,0.32,1.0,1.0
833,33320,1.0,1.0,1.0,1.0,1.0,-1.0,1.0,-1.0,0.29,-1.0,-1.0,0.04,0.04,0.32,1.0,1.0
834,33360,1.0,1.0,1.0,1.0,1.0,-1.0,1.0,-1.0,0.29,-1.0,-1.0,0.04,0.04,0.32,1.0,1.0
835,33400,1.0,1.0,1.0,1.0,1.0,-1.0,1.0,-1.0,0.264,-0.6,-0.6,0.042,0.042,0.28,1.0,1.0
836,33440,1.0,1.0,1.0,1.0,1.0,-1.0,1.0,-1.0,0.238,-0.2,-0.2,0.044,0.044,0.24,1.0,1.0
837,33480,1.0,1.0,1.0,1.0,1.0,-1.0,1.0,-1.0,0.212,0.2,0.2,0.046,0.046,0.2,1.0,1.0
838,33520,1.0,1.0,1.0,1.0,1.0,-1.0,1.0,-1.0,0.186,0.6,0.6,0.048,0.048,0.16,1.0,1.0
839,33560,1.0,1.0,1.0,1.0,1.0,-1.0,1.0,-1.0,0.16,1.0,1.0,0.05,0.05,0.12,1.0,1.0
840,33600,1.0,1.0,1.0,1.0,1.0,-1.0,1.0,-1.0,0.13,-1.0,-1.0,0.02,0.02,0.06,1.0,1.0
841,33640,1.0,1.0,1.0,1.0,1.0,-1.0,1.0,-1.0,0.164,-0.832,-0.832,-0.184,-0.184,0.084,1.0,1.0
842,33680,1.0,1.0,1.0,1.0,1.0,-1.0,1.0,-1.0,0.198,-0.664,-0.664,-0.388,-0.388,0.108,1.0,1.0
843,33720,1.0,1.0,1.0,1.0,1.0,-1.0,1.0,-1.0,0.232,-0.496,-0.496,-0.592,-0.592,0.132,1.0,1.0
844,33760,1.0,1.0,1.0,1.0,1.0,-1.0,1.0,-1.0,0.266,-0.328,-0.328,-0.796,-0.796,0.156,1.0,1.0
845,33800,1.0,1.0,1.0,1.0,1.0,-1.0,1.0,-1.0,0.3,-0.16,-0.16,-1.0,-1.0,0.18,1.0,1.0
846,33840,1.0,1.0,1.0,1.0,1.0,-1.0,1.0,-1.0,0.225,-0.12,-0.12,-0.75,-0.75,0.135,1.0,1.0
847,33880,1.0,1.0,1.0,1.0,1.0,-1.0,1.0,-1.0,0.15,-0.08,-0.08,-0.5,-0.5,0.09,1.0,1.0
848,33920,1.0,1.0,1.0,1.0,1.0,-1.0,1.0,-1.0,0.075,-0.04,-0.04,-0.25,-0.25,0.045,1.0,1.0
849,33960,1.0,1.0,1.0,1.0,1.0,-1.0,1.0,-1.0,0.0,0.0,0.0,0.0,0.0,0.0,1.0,1.0
850,34000,1.0,1.0,1.0,1.0,1.0,-1.0,1.0,-1.0,0.0,0.0,0.0,0.0,0.0,0.0,1.0,1.0
851,34040,1.0,1.0,1.0,1.0,1.0,-1.0,1.0,-1.0,0.0,0.0,0.0,0.0,0.0,0.0,1.0,1.0
852,34080,1.0,1.0,1.0,1.0,1.0,-1.0,1.0,-1.0,0.0,0.0,0.0,0.0,0.0,0.0,1.0,1.0
853,34120,1.0,1.0,1.0,1.0,1.0,-1.0,1.0,-1.0,0.0,0.0,0.0,0.0,0.0,0.0,1.0,1.0
854,34160,1.0,1.0,1.0,1.0,1.0,-1.0,1.0,-1.0,0.0,0.0,0.0,0.0,0.0,0.0,1.0,1.0
855,34200,1.0,1.0,1.0,1.0,1.0,-1.0,1.0,-1.0,0.0,0.0,0.0,0.0,0.0,0.0,1.0,1.0
856,34240,1.0,1.0,1.0,1.0,1.0,-1.0,1.0,-1.0,0.0,0.0,0.0,0.0,0.0,0.0,1.0,1.0
857,34280,1.0,1.0,1.0,1.0,1.0,-1.0,1.0,-1.0,0.0,0.0,0.0,0.0,0.0,0.0,1.0,1.0
858,34320,1.0,1.0,1.0,1.0,1.0,-1.0,1.0,-1.0,0.0,0.0,0.0,0.0,0.0,0.0,1.0,1.0
859,34360,1.0,1.0,1.0,1.0,1.0,-1.0,1.0,-1.0,0.0,0.0,0.0,0.0,0.0,0.0,1.0,1.0
860,34400,1.0,1.0,1.0,1.0,1.0,-1.0,1.0,-1.0,0.0,0.0,0.0,0.0,0.0,0.0,1.0,1.0
861,34440,1.0,1.0,1.0,1.0,1.0,-1.0,1.0,-1.0,0.0,0.0,0.0,0.0,0.0,0.0,1.0,1.0
862,34480,1.0,1.0,1.0,1.0,1.0,-1.0,1.0,-1.0,0.0,0.0,0.0,0.0,0.0,0.0,1.0,1.0
863,34520,1.0,1.0,1.0,1.0,1.0,-1.0,1.0,-1.0,0.0,0.0,0.0,0.0,0.0,0.0,1.0,1.0
864,34560,1.0,1.0,1.0,1.0,1.0,-1.0,1.0,-1.0,0.0,0.0,0.0,0.0,0.0,0.0,1.0,1.0
865,34600,1.0,1.0,1.0,1.0,1.0,-1.0,1.0,-1.0,0.0,0.0,0.0,0.0,0.0,0.0,1.0,1.0
866,34640,1.0,1.0,1.0,1.0,1.0,-1.0,1.0,-1.0,0.0,0.0,0.0,0.0,0.0,0.0,1.0,1.0
