frame_id,time_ms,rms,rms_norm,active
0,0,0.0,0.0,0
1,40,3.841e-05,0.00013,0
2,80,0.00046999,0.001588,0
3,120,0.01367171,0.046184,0
4,160,0.03581091,0.120972,1
5,200,0.04267725,0.144167,1
6,240,0.1785026,0.602994,1
7,280,0.09359661,0.316176,1
8,320,0.01384682,0.046776,1
9,360,0.01419491,0.047951,1
10,400,0.04228357,0.142837,1
11,440,0.04134029,0.13965,1
12,480,0.21901193,0.739837,1
13,520,0.08178568,0.276278,1
14,560,0.03291838,0.111201,1
15,600,0.01989679,0.067213,0
16,640,0.01686962,0.056987,0
17,680,0.01966792,0.06644,0
18,720,0.02582763,0.087248,0
19,760,0.02299802,0.077689,0
20,800,0.03760683,0.127038,1
21,840,0.03091793,0.104443,1
22,880,0.18690218,0.631369,1
23,920,0.20142812,0.680438,1
24,960,0.13984565,0.472408,1
25,1000,0.0652393,0.220383,1
26,1040,0.00985672,0.033297,0
27,1080,0.00070514,0.002382,0
28,1120,0.00019586,0.000662,0
29,1160,0.0,0.0,0
30,1200,0.0,0.0,0
31,1240,0.0,0.0,0
32,1280,0.0,0.0,0
33,1320,0.0,0.0,0
34,1360,0.0,0.0,0
35,1400,0.00016937,0.000572,0
36,1440,0.00012555,0.000424,0
37,1480,0.01418234,0.047909,0
38,1520,0.04082366,0.137905,1
39,1560,0.0404555,0.136661,1
40,1600,0.03631111,0.122661,1
41,1640,0.00603306,0.02038,1
42,1680,0.02598453,0.087778,1
43,1720,0.11631373,0.392916,1
44,1760,0.0694795,0.234707,1
45,1800,0.03658121,0.123574,1
46,1840,0.02193411,0.074095,1
47,1880,0.00609561,0.020591,1
48,1920,0.12588921,0.425262,1
49,1960,0.22547334,0.761665,1
50,2000,0.16381265,0.55337,1
51,2040,0.07452522,0.251751,1
52,2080,0.01965662,0.066401,1
53,2120,0.01470519,0.049675,0
54,2160,0.01481556,0.050048,0
55,2200,0.02122559,0.071702,0
56,2240,0.02325931,0.078572,0
57,2280,0.01502394,0.050752,0
58,2320,0.01248829,0.042186,0
59,2360,0.01617614,0.054644,0
60,2400,0.02267711,0.076605,0
61,2440,0.02056242,0.069461,0
62,2480,0.00695261,0.023486,0
63,2520,0.02919253,0.098614,1
64,2560,0.08422747,0.284526,1
65,2600,0.08900645,0.30067,1
66,2640,0.06355364,0.214689,1
67,2680,0.00600466,0.020284,0
68,2720,0.01455951,0.049183,0
69,2760,0.03251301,0.109831,0
70,2800,0.02805801,0.094782,0
71,2840,0.02674978,0.090363,0
72,2880,0.00699327,0.023624,0
73,2920,0.03992149,0.134858,0
74,2960,0.02855188,0.09645,1
75,3000,0.04214084,0.142355,1
76,3040,0.04347649,0.146867,1
77,3080,0.02241894,0.075733,1
78,3120,0.04412607,0.149061,1
79,3160,0.05203766,0.175787,1
80,3200,0.02447595,0.082681,1
81,3240,0.02176435,0.073521,1
82,3280,0.00784432,0.026499,1
83,3320,0.04810689,0.162508,1
84,3360,0.10362944,0.350067,1
85,3400,0.09053834,0.305845,1
86,3440,0.02370837,0.080088,1
87,3480,0.01075086,0.036317,1
88,3520,0.03972248,0.134185,1
89,3560,0.19732603,0.666581,1
90,3600,0.20081206,0.678357,1
91,3640,0.14051777,0.474679,1
92,3680,0.03351446,0.113214,1
93,3720,0.00692924,0.023407,0
94,3760,0.00063565,0.002147,0
95,3800,0.00031825,0.001075,0
96,3840,0.0,0.0,0
97,3880,0.0,0.0,0
98,3920,0.0,0.0,0
99,3960,0.0,0.0,0
100,4000,0.0,0.0,0
101,4040,0.0,0.0,0
102,4080,0.00014632,0.000494,0
103,4120,6.657e-05,0.000225,0
104,4160,0.01485476,0.05018,0
105,4200,0.05482524,0.185203,1
106,4240,0.1265931,0.42764,1
107,4280,0.08753338,0.295694,1
108,4320,0.00717572,0.02424,1
109,4360,0.04509659,0.152339,1
110,4400,0.04127429,0.139427,1
111,4440,0.00781989,0.026416,1
112,4480,0.03423278,0.115641,1
113,4520,0.02512562,0.084876,1
114,4560,0.03580067,0.120937,1
115,4600,0.03340016,0.112828,1
116,4640,0.01473153,0.049764,1
117,4680,0.04713977,0.159241,1
118,4720,0.02172136,0.073376,1
119,4760,0.05197548,0.175577,1
120,4800,0.04625994,0.156269,1
121,4840,0.01803294,0.060917,1
122,4880,0.04561211,0.154081,1
123,4920,0.06910642,0.233446,1
124,4960,0.05428147,0.183367,1
125,5000,0.02253114,0.076112,1
126,5040,0.01856191,0.062703,0
127,5080,0.01376902,0.046513,0
128,5120,0.0153815,0.05196,0
129,5160,0.04795355,0.16199,1
130,5200,0.04772244,0.16121,1
131,5240,0.02993548,0.101124,1
132,5280,0.02729458,0.092203,1
133,5320,0.01451324,0.049027,1
134,5360,0.09436014,0.318755,1
135,5400,0.1796038,0.606714,1
136,5440,0.08988097,0.303624,1
137,5480,0.01249391,0.042205,1
138,5520,0.01695191,0.057265,1
139,5560,0.03763203,0.127124,1
140,5600,0.10014506,0.338297,1
141,5640,0.03302655,0.111566,1
142,5680,0.02003607,0.067683,0
143,5720,0.01366143,0.046149,0
144,5760,0.03018533,0.101968,0
145,5800,0.02582153,0.087227,1
146,5840,0.03544006,0.119719,1
147,5880,0.03185798,0.107618,0
148,5920,0.01806561,0.061027,0
149,5960,0.0135416,0.045744,0
150,6000,0.01838804,0.062116,0
151,6040,0.02265841,0.076542,0
152,6080,0.0268587,0.090731,0
153,6120,0.01453945,0.049115,0
154,6160,0.01710938,0.057797,0
155,6200,0.03058427,0.103316,1
156,6240,0.0440225,0.148711,1
157,6280,0.11505145,0.388652,1
158,6320,0.10661215,0.360143,1
159,6360,0.01985349,0.067066,1
160,6400,0.0455243,0.153784,1
161,6440,0.11237451,0.379609,1
162,6480,0.06843515,0.231179,1
163,6520,0.01832033,0.061887,1
164,6560,0.01035755,0.034989,1
165,6600,0.02314322,0.078179,1
166,6640,0.07862318,0.265595,1
167,6680,0.08083932,0.273081,1
168,6720,0.04941063,0.166913,1
169,6760,0.01671802,0.056475,1
170,6800,0.03529875,0.119242,1
171,6840,0.05388861,0.182039,1
172,6880,0.05749763,0.194231,1
173,6920,0.03184551,0.107576,1
174,6960,0.03333543,0.112609,0
175,7000,0.01424394,0.048117,0
176,7040,0.00758735,0.025631,0
177,7080,0.0104639,0.035348,0
178,7120,0.02495279,0.084292,1
179,7160,0.0677166,0.228751,1
180,7200,0.06692173,0.226066,1
181,7240,0.02313174,0.078141,1
182,7280,0.02683106,0.090637,1
183,7320,0.02250423,0.076021,1
184,7360,0.05318725,0.17967,1
185,7400,0.13591617,0.459134,1
186,7440,0.11984552,0.404846,1
187,7480,0.01059177,0.03578,1
188,7520,0.00716858,0.024216,1
189,7560,0.29602709,1.0,1
190,7600,0.20485392,0.692011,1
191,7640,0.11591787,0.391579,1
192,7680,0.02057414,0.069501,1
193,7720,0.03876435,0.130949,1
194,7760,0.02667761,0.090119,1
195,7800,0.03745403,0.126522,1
196,7840,0.03025936,0.102218,1
197,7880,0.00593245,0.02004,1
198,7920,0.08347294,0.281977,1
199,7960,0.11133703,0.376104,1
200,8000,0.06988551,0.236078,1
201,8040,0.01363435,0.046058,0
202,8080,0.00239679,0.008097,0
203,8120,0.03935307,0.132937,0
204,8160,0.03134152,0.105874,1
205,8200,0.02947389,0.099565,1
206,8240,0.03790521,0.128046,1
207,8280,0.04018272,0.13574,1
208,8320,0.02033536,0.068694,1
209,8360,0.01491622,0.050388,1
210,8400,0.13815485,0.466697,1
211,8440,0.10118847,0.341822,1
212,8480,0.0300632,0.101556,1
213,8520,0.00521214,0.017607,1
214,8560,0.00459764,0.015531,1
215,8600,0.03070595,0.103727,1
216,8640,0.09020678,0.304725,1
217,8680,0.07211866,0.243622,1
218,8720,0.02506583,0.084674,1
219,8760,0.01065662,0.035999,1
220,8800,0.00329773,0.01114,1
221,8840,0.12946276,0.437334,1
222,8880,0.19482458,0.658131,1
223,8920,0.20233928,0.683516,1
224,8960,0.09978552,0.337082,1
225,9000,0.02776371,0.093788,1
226,9040,0.00549189,0.018552,0
227,9080,0.00051771,0.001749,0
228,9120,0.00018085,0.000611,0
229,9160,0.0,0.0,0
230,9200,0.0,0.0,0
231,9240,0.0,0.0,0
232,9280,0.0,0.0,0
233,9320,0.0,0.0,0
234,9360,0.0,0.0,0
235,9400,0.00024639,0.000832,0
236,9440,0.00179934,0.006078,0
237,9480,0.0181565,0.061334,0
238,9520,0.03841314,0.129762,1
239,9560,0.03613958,0.122082,1
240,9600,0.05017676,0.169501,1
241,9640,0.0485362,0.163959,1
242,9680,0.03219192,0.108747,1
243,9720,0.03793609,0.128151,1
244,9760,0.02431617,0.082142,1
245,9800,0.03859178,0.130366,1
246,9840,0.03174137,0.107225,1
247,9880,0.01292461,0.04366,1
248,9920,0.09439176,0.318862,1
249,9960,0.10817615,0.365427,1
250,10000,0.06060918,0.204742,1
251,10040,0.01305005,0.044084,1
252,10080,0.00048234,0.001629,1
253,10120,0.0180733,0.061053,1
254,10160,0.11161801,0.377053,1
255,10200,0.10001734,0.337866,1
256,10240,0.03888137,0.131344,1
257,10280,0.01184368,0.040009,0
258,10320,0.01825395,0.061663,0
259,10360,0.038454,0.1299,0
260,10400,0.02667893,0.090123,1
261,10440,0.05898098,0.199242,1
262,10480,0.02709421,0.091526,1
263,10520,0.01322225,0.044666,0
264,10560,0.02010992,0.067933,0
265,10600,0.00892909,0.030163,0
266,10640,0.04553354,0.153815,1
267,10680,0.05548006,0.187415,1
268,10720,0.04936796,0.166768,1
269,10760,0.02698947,0.091172,1
270,10800,0.04775285,0.161312,1
271,10840,0.04017816,0.135725,1
272,10880,0.08493251,0.286908,1
273,10920,0.21723877,0.733848,1
274,10960,0.06421441,0.216921,1
275,11000,0.02890979,0.097659,1
276,11040,0.01874015,0.063306,1
277,11080,0.04373749,0.147748,1
278,11120,0.04853617,0.163959,1
279,11160,0.02975484,0.100514,1
280,11200,0.01654657,0.055895,1
281,11240,0.02533451,0.085582,1
282,11280,0.07822594,0.264253,1
283,11320,0.06755226,0.228196,1
284,11360,0.02704994,0.091377,1
285,11400,0.01048373,0.035415,1
286,11440,0.02444888,0.08259,1
287,11480,0.03337195,0.112733,1
288,11520,0.06153581,0.207872,1
289,11560,0.11036993,0.372837,1
290,11600,0.07378481,0.24925,1
291,11640,0.01691204,0.05713,1
292,11680,0.0072047,0.024338,1
293,11720,0.0647054,0.218579,1
294,11760,0.07486715,0.252906,1
295,11800,0.02593274,0.087603,1
296,11840,0.00268083,0.009056,1
297,11880,0.04024411,0.135947,1
298,11920,0.10709754,0.361783,1
299,11960,0.0859893,0.290478,1
300,12000,0.0179028,0.060477,1
301,12040,0.02102997,0.071041,1
302,12080,0.04486083,0.151543,1
303,12120,0.0125441,0.042375,1
304,12160,0.03217674,0.108695,0
305,12200,0.02743049,0.092662,0
306,12240,0.01965896,0.066409,0
307,12280,0.01316684,0.044479,0
308,12320,0.01463674,0.049444,0
309,12360,0.00348382,0.011769,0
310,12400,0.00022989,0.000777,0
311,12440,0.00011984,0.000405,0
312,12480,0.0,0.0,0
313,12520,0.0,0.0,0
314,12560,0.0,0.0,0
315,12600,0.0,0.0,0
316,12640,0.0,0.0,0
317,12680,0.0,0.0,0
318,12720,0.00013943,0.000471,0
319,12760,8.497e-05,0.000287,0
320,12800,0.00212243,0.00717,0
321,12840,0.02885116,0.097461,0
322,12880,0.03160726,0.106772,0
323,12920,0.03476813,0.117449,0
324,12960,0.01223428,0.041328,0
325,13000,0.02893729,0.097752,0
326,13040,0.03944188,0.133237,1
327,13080,0.05638365,0.190468,1
328,13120,0.03689716,0.124641,1
329,13160,0.02977175,0.100571,1
330,13200,0.0755666,0.255269,1
331,13240,0.08294468,0.280193,1
332,13280,0.05847649,0.197538,1
333,13320,0.02605566,0.088018,1
334,13360,0.03103808,0.104849,1
335,13400,0.02435561,0.082275,1
336,13440,0.1156823,0.390783,1
337,13480,0.18881647,0.637835,1
338,13520,0.15110651,0.510448,1
339,13560,0.08966607,0.302898,1
340,13600,0.01598494,0.053998,1
341,13640,0.00263108,0.008888,0
342,13680,0.00043477,0.001469,0
343,13720,0.0,0.0,0
344,13760,0.0,0.0,0
345,13800,0.0,0.0,0
346,13840,0.0,0.0,0
347,13880,0.0,0.0,0
348,13920,0.0,0.0,0
349,13960,0.0,0.0,0
350,14000,0.00016156,0.000546,0
351,14040,4.538e-05,0.000153,0
352,14080,0.01670443,0.056429,1
353,14120,0.10035256,0.338998,1
354,14160,0.12549172,0.42392,1
355,14200,0.0726117,0.245287,1
356,14240,0.01868378,0.063115,1
357,14280,0.03109957,0.105056,1
358,14320,0.0446258,0.150749,1
359,14360,0.05156622,0.174194,1
360,14400,0.04520944,0.152721,1
361,14440,0.04695696,0.158624,1
362,14480,0.0126956,0.042887,1
363,14520,0.00994904,0.033609,1
364,14560,0.00522112,0.017637,1
365,14600,0.14367014,0.485328,1
366,14640,0.14476931,0.489041,1
367,14680,0.074838,0.252808,1
368,14720,0.01453671,0.049106,1
369,14760,0.02859062,0.096581,1
370,14800,0.04599923,0.155389,1
371,14840,0.03243057,0.109553,1
372,14880,0.0068627,0.023183,1
373,14920,0.04268149,0.144181,1
374,14960,0.21712288,0.733456,1
375,15000,0.13006069,0.439354,1
376,15040,0.03360589,0.113523,1
377,15080,0.0171966,0.058091,0
378,15120,0.01122306,0.037912,0
379,15160,0.01590745,0.053736,0
380,15200,0.04280252,0.14459,1
381,15240,0.0394302,0.133198,1
382,15280,0.03174007,0.10722,1
383,15320,0.02400704,0.081097,0
384,15360,0.00899378,0.030382,0
385,15400,0.0005177,0.001749,0
386,15440,0.00016972,0.000573,0
387,15480,0.00017242,0.000582,0
388,15520,0.0,0.0,0
389,15560,0.0,0.0,0
390,15600,0.0,0.0,0
391,15640,0.0,0.0,0
392,15680,0.0,0.0,0
393,15720,0.0,0.0,0
394,15760,0.00019536,0.00066,0
395,15800,6.547e-05,0.000221,0
396,15840,0.01792828,0.060563,0
397,15880,0.05936142,0.200527,1
398,15920,0.1283744,0.433658,1
399,15960,0.06548245,0.221204,1
400,16000,0.01486688,0.050221,1
401,16040,0.03389391,0.114496,1
402,16080,0.16541867,0.558796,1
403,16120,0.17327586,0.585338,1
404,16160,0.0359304,0.121375,1
405,16200,0.03288066,0.111073,1
406,16240,0.02552478,0.086224,1
407,16280,0.0323424,0.109255,1
408,16320,0.03893574,0.131528,1
409,16360,0.02603166,0.087937,1
410,16400,0.03444814,0.116368,0
411,16440,0.02742764,0.092652,0
412,16480,0.0109414,0.036961,0
413,16520,0.02143033,0.072393,0
414,16560,0.04956023,0.167418,1
415,16600,0.07917222,0.267449,1
416,16640,0.03844851,0.129882,1
417,16680,0.03046053,0.102898,1
418,16720,0.07293499,0.246379,1
419,16760,0.07708432,0.260396,1
420,16800,0.03897471,0.131659,1
421,16840,0.02170155,0.073309,0
422,16880,0.01671266,0.056457,0
423,16920,0.01150906,0.038878,0
424,16960,0.0163716,0.055304,0
425,17000,0.02145202,0.072466,0
426,17040,0.02573721,0.086942,0
427,17080,0.01950315,0.065883,0
428,17120,0.00273854,0.009251,0
429,17160,0.02686063,0.090737,0
430,17200,0.02136097,0.072159,0
431,17240,0.02987775,0.100929,0
432,17280,0.01694226,0.057232,0
433,17320,0.01964343,0.066357,0
434,17360,0.04663484,0.157536,1
435,17400,0.02552591,0.086228,1
436,17440,0.05501225,0.185835,1
437,17480,0.03768761,0.127311,1
438,17520,0.02665028,0.090026,1
439,17560,0.05705787,0.192745,1
440,17600,0.0391618,0.132291,1
441,17640,0.01646695,0.055627,1
442,17680,0.01598548,0.054,1
443,17720,0.06396762,0.216087,1
444,17760,0.02928202,0.098917,1
445,17800,0.0052395,0.017699,1
446,17840,0.00665521,0.022482,1
447,17880,0.05341718,0.180447,1
448,17920,0.06691192,0.226033,1
449,17960,0.03463189,0.116989,1
450,18000,0.00566648,0.019142,1
451,18040,0.07092603,0.239593,1
452,18080,0.10664856,0.360266,1
453,18120,0.07423323,0.250765,1
454,18160,0.02739736,0.09255,1
455,18200,0.01168062,0.039458,1
456,18240,0.00772982,0.026112,1
457,18280,0.02443441,0.082541,1
458,18320,0.08551084,0.288862,1
459,18360,0.05173597,0.174768,1
460,18400,0.03587835,0.1212,1
461,18440,0.01648811,0.055698,1
462,18480,0.01816536,0.061364,1
463,18520,0.13678835,0.462081,1
464,18560,0.19440483,0.656713,1
465,18600,0.11524257,0.389297,1
466,18640,0.01022349,0.034536,1
467,18680,0.00503713,0.017016,1
468,18720,0.00676974,0.022869,1
469,18760,0.05469117,0.184751,1
470,18800,0.05708874,0.19285,1
471,18840,0.02477541,0.083693,1
472,18880,0.05676236,0.191747,1
473,18920,0.12218307,0.412743,1
474,18960,0.10675515,0.360626,1
475,19000,0.057471,0.194141,1
476,19040,0.02345377,0.079228,1
477,19080,0.01492124,0.050405,0
478,19120,0.00720131,0.024327,0
479,19160,0.01134438,0.038322,0
480,19200,0.01511471,0.051059,0
481,19240,0.05923009,0.200083,1
482,19280,0.07959735,0.268885,1
483,19320,0.02605441,0.088014,1
484,19360,0.02241499,0.075719,1
485,19400,0.05872248,0.198369,1
486,19440,0.07624385,0.257557,1
487,19480,0.04150706,0.140214,1
488,19520,0.02675375,0.090376,1
489,19560,0.02868114,0.096887,1
490,19600,0.04596804,0.155283,1
491,19640,0.02616436,0.088385,1
492,19680,0.01929118,0.065167,0
493,19720,0.02437636,0.082345,0
494,19760,0.03030437,0.10237,0
495,19800,0.02627886,0.088772,0
496,19840,0.01096461,0.037039,0
497,19880,0.00161825,0.005467,0
498,19920,7.368e-05,0.000249,0
499,19960,3.678e-05,0.000124,0
500,20000,4.766e-05,0.000161,0
501,20040,0.0,0.0,0
502,20080,0.0,0.0,0
503,20120,0.0,0.0,0
504,20160,0.0,0.0,0
505,20200,0.0,0.0,0
506,20240,0.0,0.0,0
507,20280,0.0,0.0,0
508,20320,0.0,0.0,0
509,20360,0.0,0.0,0
510,20400,0.0,0.0,0
511,20440,0.0,0.0,0
512,20480,0.0,0.0,0
513,20520,0.0,0.0,0
514,20560,0.0,0.0,0
515,20600,0.0,0.0,0
516,20640,0.0,0.0,0
517,20680,0.0,0.0,0
518,20720,4.059e-05,0.000137,0
519,20760,5.363e-05,0.000181,0
520,20800,0.002002,0.006763,0
521,20840,0.01096353,0.037036,1
522,20880,0.07775007,0.262645,1
523,20920,0.07387529,0.249556,1
524,20960,0.01684545,0.056905,1
525,21000,0.00654569,0.022112,1
526,21040,0.0069207,0.023379,1
527,21080,0.05438088,0.183702,1
528,21120,0.0440274,0.148728,1
529,21160,0.02874989,0.097119,1
530,21200,0.07622128,0.257481,1
531,21240,0.11227665,0.379278,1
532,21280,0.08336143,0.281601,1
533,21320,0.03385932,0.114379,1
534,21360,0.02452782,0.082857,1
535,21400,0.02713202,0.091654,1
536,21440,0.03154048,0.106546,1
537,21480,0.07266396,0.245464,1
538,21520,0.09564589,0.323098,1
539,21560,0.0949946,0.320898,1
540,21600,0.03477387,0.117469,1
541,21640,0.00216866,0.007326,0
542,21680,0.00028278,0.000955,0
543,21720,0.0,0.0,0
544,21760,0.0,0.0,0
545,21800,0.0,0.0,0
546,21840,0.0,0.0,0
547,21880,0.0,0.0,0
548,21920,0.0,0.0,0
549,21960,0.0,0.0,0
550,22000,0.000144,0.000486,0
551,22040,0.00031246,0.001056,0
552,22080,0.0184749,0.062409,1
553,22120,0.08349416,0.282049,1
554,22160,0.10653526,0.359883,1
555,22200,0.00411361,0.013896,1
556,22240,0.00965929,0.03263,1
557,22280,0.05473457,0.184897,1
558,22320,0.1035513,0.349803,1
559,22360,0.08557473,0.289077,1
560,22400,0.03684689,0.124471,1
561,22440,0.02498226,0.084392,1
562,22480,0.06684167,0.225796,1
563,22520,0.08911072,0.301022,1
564,22560,0.03909427,0.132063,1
565,22600,0.02319879,0.078367,1
566,22640,0.03311147,0.111853,1
567,22680,0.06189791,0.209095,1
568,22720,0.06015727,0.203215,1
569,22760,0.02941101,0.099352,1
570,22800,0.02149671,0.072617,0
571,22840,0.01391502,0.047006,0
572,22880,0.00499025,0.016857,0
573,22920,0.01044932,0.035299,0
574,22960,0.01426824,0.048199,0
575,23000,0.03302106,0.111547,0
576,23040,0.03912117,0.132154,0
577,23080,0.00840289,0.028386,0
578,23120,0.01958779,0.066169,0
579,23160,0.03637558,0.122879,1
580,23200,0.08661848,0.292603,1
581,23240,0.04949559,0.1672,1
582,23280,0.01190834,0.040227,1
583,23320,0.05459106,0.184412,1
584,23360,0.02935218,0.099154,0
585,23400,0.00409973,0.013849,0
586,23440,0.03258029,0.110058,0
587,23480,0.03204341,0.108245,1
588,23520,0.05601021,0.189206,1
589,23560,0.03470985,0.117252,1
590,23600,0.02327391,0.078621,1
591,23640,0.02634065,0.088981,1
592,23680,0.0363957,0.122947,1
593,23720,0.05690602,0.192232,1
594,23760,0.03681224,0.124354,1
595,23800,0.02359953,0.079721,1
596,23840,0.01706401,0.057643,1
597,23880,0.02295218,0.077534,1
598,23920,0.07924147,0.267683,1
599,23960,0.09739175,0.328996,1
600,24000,0.06787699,0.229293,1
601,24040,0.01019786,0.034449,1
602,24080,0.00218128,0.007369,1
603,24120,0.13333923,0.450429,1
604,24160,0.16993411,0.574049,1
605,24200,0.03982712,0.134539,1
606,24240,0.00813798,0.027491,1
607,24280,0.005302,0.017911,1
608,24320,0.02217124,0.074896,1
609,24360,0.07858087,0.265452,1
610,24400,0.10123698,0.341986,1
611,24440,0.03554862,0.120086,1
612,24480,0.014912,0.050374,0
613,24520,0.01038455,0.03508,0
614,24560,0.02323705,0.078496,0
615,24600,0.02342703,0.079138,0
616,24640,0.02732555,0.092308,0
617,24680,0.02626068,0.08871,0
618,24720,0.00886142,0.029934,0
619,24760,0.04769414,0.161114,0
620,24800,0.02677724,0.090455,1
621,24840,0.04757918,0.160726,1
622,24880,0.05003431,0.169019,1
623,24920,0.02264429,0.076494,1
624,24960,0.04556254,0.153913,1
625,25000,0.05901564,0.199359,1
626,25040,0.02393697,0.080861,1
627,25080,0.01675475,0.056599,1
628,25120,0.03933709,0.132883,1
629,25160,0.11873295,0.401088,1
630,25200,0.09450214,0.319235,1
631,25240,0.0559628,0.189046,1
632,25280,0.00809339,0.02734,1
633,25320,0.01882856,0.063604,1
634,25360,0.02807749,0.094848,1
635,25400,0.05336618,0.180275,1
636,25440,0.08965642,0.302866,1
637,25480,0.10138315,0.342479,1
638,25520,0.01924368,0.065006,1
639,25560,0.01018984,0.034422,1
640,25600,0.03853084,0.13016,1
641,25640,0.08419557,0.284418,1
642,25680,0.04274089,0.144382,1
643,25720,0.00372954,0.012599,1
644,25760,0.02552559,0.086227,1
645,25800,0.08674328,0.293025,1
646,25840,0.1024992,0.346249,1
647,25880,0.0409006,0.138165,1
648,25920,0.00435271,0.014704,1
649,25960,0.04715489,0.159292,1
650,26000,0.02346933,0.079281,1
651,26040,0.02872511,0.097035,1
652,26080,0.04229256,0.142867,1
653,26120,0.02250488,0.076023,0
654,26160,0.02264182,0.076486,0
655,26200,0.02636033,0.089047,0
656,26240,0.02402385,0.081154,0
657,26280,0.03405787,0.11505,1
658,26320,0.03369078,0.11381,1
659,26360,0.0834565,0.281922,1
660,26400,0.04531958,0.153093,1
661,26440,0.02204505,0.07447,0
662,26480,0.01599468,0.054031,0
663,26520,0.01564161,0.052838,0
664,26560,0.0424929,0.143544,1
665,26600,0.11077892,0.374219,1
666,26640,0.04737201,0.160026,1
667,26680,0.02720146,0.091888,1
668,26720,0.02285491,0.077205,0
669,26760,0.00594646,0.020088,0
670,26800,0.0104215,0.035205,0
671,26840,0.00855646,0.028904,0
672,26880,0.02502937,0.084551,0
673,26920,0.03755264,0.126855,0
674,26960,0.0137979,0.04661,0
675,27000,0.01953215,0.065981,1
676,27040,0.12140137,0.410102,1
677,27080,0.0736414,0.248766,1
678,27120,0.03390677,0.114539,1
679,27160,0.03722036,0.125733,1
680,27200,0.06458067,0.218158,1
681,27240,0.04250109,0.143572,1
682,27280,0.02750438,0.092912,1
683,27320,0.01790665,0.06049,1
684,27360,0.0297215,0.100401,1
685,27400,0.05377178,0.181645,1
686,27440,0.02163649,0.07309,1
687,27480,0.01774409,0.059941,1
688,27520,0.06005344,0.202865,1
689,27560,0.05430772,0.183455,1
690,27600,0.02849449,0.096256,1
691,27640,0.012489,0.042189,1
692,27680,0.01009547,0.034103,1
693,27720,0.0371264,0.125416,1
694,27760,0.04289393,0.144899,1
695,27800,0.02948242,0.099594,1
696,27840,0.03884792,0.131231,1
697,27880,0.04332891,0.146368,1
698,27920,0.01845135,0.06233,1
699,27960,0.02033055,0.068678,1
700,28000,0.05220029,0.176336,1
701,28040,0.06005881,0.202883,1
702,28080,0.00900564,0.030422,1
703,28120,0.00193669,0.006542,1
704,28160,0.1664786,0.562376,1
705,28200,0.26360264,0.890468,1
706,28240,0.07836773,0.264732,1
707,28280,0.03729271,0.125977,1
708,28320,0.00573332,0.019368,1
709,28360,0.03280962,0.110833,1
710,28400,0.16052699,0.542271,1
711,28440,0.10791172,0.364533,1
712,28480,0.07854668,0.265336,1
713,28520,0.04413757,0.1491,1
714,28560,0.01684324,0.056898,0
715,28600,0.00213077,0.007198,0
716,28640,0.00036995,0.00125,0
717,28680,0.0,0.0,0
718,28720,0.0,0.0,0
719,28760,0.0,0.0,0
720,28800,0.0,0.0,0
721,28840,0.0,0.0,0
722,28880,0.0,0.0,0
723,28920,0.00025632,0.000866,0
724,28960,0.00012429,0.00042,0
725,29000,0.00786804,0.026579,0
726,29040,0.02571605,0.086871,0
727,29080,0.0454998,0.153701,1
728,29120,0.03190152,0.107766,1
729,29160,0.06552689,0.221354,1
730,29200,0.0360502,0.12178,1
731,29240,0.01282969,0.04334,1
732,29280,0.01327473,0.044843,1
733,29320,0.04339677,0.146597,1
734,29360,0.06214288,0.209923,1
735,29400,0.10731569,0.36252,1
736,29440,0.043221,0.146004,1
737,29480,0.00245346,0.008288,0
738,29520,0.02982214,0.100741,0
739,29560,0.0210917,0.071249,0
740,29600,0.02916215,0.098512,0
741,29640,0.01949346,0.06585,0
742,29680,0.02064778,0.06975,0
743,29720,0.042057,0.142071,0
744,29760,0.01979312,0.066863,1
745,29800,0.05014102,0.16938,1
746,29840,0.03582902,0.121033,1
747,29880,0.01613403,0.054502,1
748,29920,0.04977245,0.168135,1
749,29960,0.07152915,0.24163,1
750,30000,0.04866683,0.1644,1
751,30040,0.02203908,0.07445,0
752,30080,0.01746399,0.058995,0
753,30120,0.01346952,0.045501,0
754,30160,0.0170128,0.05747,0
755,30200,0.05353663,0.18085,1
756,30240,0.04918032,0.166135,1
757,30280,0.0281337,0.095038,1
758,30320,0.02801707,0.094644,1
759,30360,0.01124689,0.037993,1
760,30400,0.07810041,0.263829,1
761,30440,0.16880035,0.570219,1
762,30480,0.13050018,0.440839,1
763,30520,0.04567828,0.154304,1
764,30560,0.00768115,0.025947,1
765,30600,0.00537999,0.018174,1
766,30640,0.02611597,0.088222,1
767,30680,0.09310367,0.314511,1
768,30720,0.05069773,0.17126,1
769,30760,0.03562169,0.120333,1
770,30800,0.01710431,0.05778,1
771,30840,0.01902558,0.06427,1
772,30880,0.15659969,0.529005,1
773,30920,0.26759681,0.903961,1
774,30960,0.14783993,0.499414,1
775,31000,0.01306589,0.044137,1
776,31040,0.00507168,0.017132,1
777,31080,0.00858006,0.028984,1
778,31120,0.05321935,0.179779,1
779,31160,0.05284382,0.17851,1
780,31200,0.0197504,0.066718,1
781,31240,0.08935708,0.301854,1
782,31280,0.10898424,0.368156,1
783,31320,0.04935048,0.166709,1
784,31360,0.01761458,0.059503,1
785,31400,0.01384091,0.046756,1
786,31440,0.06649503,0.224625,1
787,31480,0.12146716,0.410324,1
788,31520,0.06904276,0.233231,1
789,31560,0.02157223,0.072872,1
790,31600,0.00755704,0.025528,0
791,31640,0.01360199,0.045948,0
792,31680,0.01737534,0.058695,0
793,31720,0.02552082,0.086211,0
794,31760,0.02602135,0.087902,0
795,31800,0.01516431,0.051226,0
796,31840,0.02514417,0.084939,1
797,31880,0.05998503,0.202634,1
798,31920,0.05223041,0.176438,1
799,31960,0.03087535,0.104299,1
800,32000,0.0309757,0.104638,1
801,32040,0.04597156,0.155295,1
802,32080,0.10139827,0.34253,1
803,32120,0.1218492,0.411615,1
804,32160,0.07680395,0.259449,1
805,32200,0.03848981,0.130021,1
806,32240,0.01802094,0.060876,0
807,32280,0.00203118,0.006861,0
808,32320,0.03398038,0.114788,0
809,32360,0.02464723,0.08326,1
810,32400,0.04552367,0.153782,1
811,32440,0.04523479,0.152806,1
812,32480,0.02162517,0.073051,1
813,32520,0.03481193,0.117597,1
814,32560,0.02758142,0.093172,1
815,32600,0.03511716,0.118628,1
816,32640,0.02802128,0.094658,1
817,32680,0.02702759,0.091301,0
818,32720,0.02018908,0.0682,0
819,32760,0.02069812,0.06992,0
820,32800,0.04704435,0.158919,1
821,32840,0.24990854,0.844208,1
822,32880,0.25730377,0.86919,1
823,32920,0.12631272,0.426693,1
824,32960,0.0331967,0.112141,1
825,33000,0.05103852,0.172412,1
826,33040,0.04873252,0.164622,1
827,33080,0.07048953,0.238118,1
828,33120,0.09233909,0.311928,1
829,33160,0.0883752,0.298538,1
830,33200,0.06219276,0.210091,1
831,33240,0.01366388,0.046158,1
832,33280,0.02182493,0.073726,1
833,33320,0.01258534,0.042514,1
834,33360,0.05632087,0.190256,1
835,33400,0.0839045,0.283435,1
836,33440,0.03037486,0.102608,1
837,33480,0.0061531,0.020786,1
838,33520,0.00652192,0.022032,1
839,33560,0.04245793,0.143426,1
840,33600,0.06616598,0.223513,1
841,33640,0.0360981,0.121942,1
842,33680,0.00414723,0.01401,1
843,33720,0.05207438,0.175911,1
844,33760,0.09563084,0.323048,1
845,33800,0.04161492,0.140578,1
846,33840,0.00981476,0.033155,0
847,33880,0.0004711,0.001591,0
848,33920,0.00012067,0.000408,0
849,33960,1.753e-05,5.9e-05,0
850,34000,0.0,0.0,0
851,34040,0.0,0.0,0
852,34080,0.0,0.0,0
853,34120,0.0,0.0,0
854,34160,0.0,0.0,0
855,34200,0.0,0.0,0
856,34240,0.0,0.0,0
857,34280,0.0,0.0,0
858,34320,0.0,0.0,0
859,34360,0.0,0.0,0
860,34400,0.0,0.0,0
861,34440,0.0,0.0,0
862,34480,0.0,0.0,0
863,34520,0.0,0.0,0
864,34560,0.0,0.0,0
865,34600,0.0,0.0,0
866,34640,0.0,0.0,0
